video_id,equipment_id,start_frame,end_frame,start_time,end_time,pred_action,confidence,input_start_frame,input_end_frame,available_at_frame,bbox_source
104154,1,63,95,2.52,3.8,load_bucket,0.8396456837654114,0,64,63,xml_gt_prototype_NOT_team2_integration
104154,1,95,127,3.8,5.08,load_bucket,0.5319768190383911,32,96,95,xml_gt_prototype_NOT_team2_integration
104154,1,127,159,5.08,6.36,idle,0.7947824597358704,64,128,127,xml_gt_prototype_NOT_team2_integration
104154,1,159,191,6.36,7.64,idle,0.8830259442329407,96,160,159,xml_gt_prototype_NOT_team2_integration
104154,1,191,223,7.64,8.92,idle,0.8489120602607727,128,192,191,xml_gt_prototype_NOT_team2_integration
104154,1,223,255,8.92,10.2,idle,0.6456681489944458,160,224,223,xml_gt_prototype_NOT_team2_integration
104154,1,255,287,10.2,11.48,load_bucket,0.6454299092292786,192,256,255,xml_gt_prototype_NOT_team2_integration
104154,1,287,319,11.48,12.76,load_bucket,0.6279324889183044,224,288,287,xml_gt_prototype_NOT_team2_integration
104154,1,319,351,12.76,14.04,load_bucket,0.643157422542572,256,320,319,xml_gt_prototype_NOT_team2_integration
104154,1,351,383,14.04,15.32,load_bucket,0.6753315329551697,288,352,351,xml_gt_prototype_NOT_team2_integration
104154,1,383,415,15.32,16.6,load_bucket,0.6522775888442993,320,384,383,xml_gt_prototype_NOT_team2_integration
104154,1,415,447,16.6,17.88,load_bucket,0.6444482207298279,352,416,415,xml_gt_prototype_NOT_team2_integration
104154,1,447,479,17.88,19.16,load_bucket,0.5796282887458801,384,448,447,xml_gt_prototype_NOT_team2_integration
104154,1,479,511,19.16,20.44,load_bucket,0.5394952297210693,416,480,479,xml_gt_prototype_NOT_team2_integration
104154,1,511,543,20.44,21.72,load_bucket,0.5056970119476318,448,512,511,xml_gt_prototype_NOT_team2_integration
104154,1,543,575,21.72,23.0,load_bucket,0.4797002375125885,480,544,543,xml_gt_prototype_NOT_team2_integration
104154,1,575,607,23.0,24.28,load_bucket,0.4710857570171356,512,576,575,xml_gt_prototype_NOT_team2_integration
104154,1,607,639,24.28,25.56,load_bucket,0.47010767459869385,544,608,607,xml_gt_prototype_NOT_team2_integration
104154,1,639,671,25.56,26.84,idle,0.5225098729133606,576,640,639,xml_gt_prototype_NOT_team2_integration
104154,1,671,703,26.84,28.12,idle,0.8230347633361816,608,672,671,xml_gt_prototype_NOT_team2_integration
104154,1,703,735,28.12,29.4,idle,0.8339342474937439,640,704,703,xml_gt_prototype_NOT_team2_integration
104154,1,735,767,29.4,30.68,idle,0.8648075461387634,672,736,735,xml_gt_prototype_NOT_team2_integration
104154,1,767,799,30.68,31.96,idle,0.7495592832565308,704,768,767,xml_gt_prototype_NOT_team2_integration
104154,1,799,831,31.96,33.24,idle,0.5075611472129822,736,800,799,xml_gt_prototype_NOT_team2_integration
104154,1,831,863,33.24,34.52,idle,0.49281254410743713,768,832,831,xml_gt_prototype_NOT_team2_integration
104154,1,863,895,34.52,35.8,load_bucket,0.48905500769615173,800,864,863,xml_gt_prototype_NOT_team2_integration
104154,1,895,927,35.8,37.08,load_bucket,0.6785675287246704,832,896,895,xml_gt_prototype_NOT_team2_integration
104154,1,927,959,37.08,38.36,load_bucket,0.6712619662284851,864,928,927,xml_gt_prototype_NOT_team2_integration
104154,1,959,991,38.36,39.64,idle,0.48277202248573303,896,960,959,xml_gt_prototype_NOT_team2_integration
104154,1,991,1023,39.64,40.92,idle,0.592809796333313,928,992,991,xml_gt_prototype_NOT_team2_integration
104154,1,1023,1055,40.92,42.2,idle,0.7587284445762634,960,1024,1023,xml_gt_prototype_NOT_team2_integration
104154,1,1055,1087,42.2,43.48,idle,0.5527178645133972,992,1056,1055,xml_gt_prototype_NOT_team2_integration
104154,1,1087,1119,43.48,44.76,idle,0.6815509796142578,1024,1088,1087,xml_gt_prototype_NOT_team2_integration
104154,1,1119,1151,44.76,46.04,idle,0.9295492172241211,1056,1120,1119,xml_gt_prototype_NOT_team2_integration
104154,1,1151,1183,46.04,47.32,idle,0.5634043216705322,1088,1152,1151,xml_gt_prototype_NOT_team2_integration
104154,1,1183,1215,47.32,48.6,load_bucket,0.5034015774726868,1120,1184,1183,xml_gt_prototype_NOT_team2_integration
104154,1,1215,1247,48.6,49.88,load_bucket,0.5532211065292358,1152,1216,1215,xml_gt_prototype_NOT_team2_integration
104154,1,1247,1279,49.88,51.16,load_bucket,0.8229637742042542,1184,1248,1247,xml_gt_prototype_NOT_team2_integration
104154,1,1279,1311,51.16,52.44,load_bucket,0.6278036832809448,1216,1280,1279,xml_gt_prototype_NOT_team2_integration
104154,1,1311,1343,52.44,53.72,idle,0.5862582921981812,1248,1312,1311,xml_gt_prototype_NOT_team2_integration
104154,1,1343,1375,53.72,55.0,idle,0.6749557852745056,1280,1344,1343,xml_gt_prototype_NOT_team2_integration
104154,1,1375,1407,55.0,56.28,idle,0.8507746458053589,1312,1376,1375,xml_gt_prototype_NOT_team2_integration
104154,1,1407,1439,56.28,57.56,idle,0.812125563621521,1344,1408,1407,xml_gt_prototype_NOT_team2_integration
104154,1,1439,1471,57.56,58.84,idle,0.6747344136238098,1376,1440,1439,xml_gt_prototype_NOT_team2_integration
104154,1,1471,1503,58.84,60.12,idle,0.6099827885627747,1408,1472,1471,xml_gt_prototype_NOT_team2_integration
104154,1,1503,1535,60.12,61.4,idle,0.5100082755088806,1440,1504,1503,xml_gt_prototype_NOT_team2_integration
104154,1,1535,1567,61.4,62.68,idle,0.5030085444450378,1472,1536,1535,xml_gt_prototype_NOT_team2_integration
104154,1,1567,1599,62.68,63.96,idle,0.5032919049263,1504,1568,1567,xml_gt_prototype_NOT_team2_integration
104154,1,1599,1631,63.96,65.24,load_bucket,0.5455468893051147,1536,1600,1599,xml_gt_prototype_NOT_team2_integration
104154,1,1631,1663,65.24,66.52,load_bucket,0.8864274024963379,1568,1632,1631,xml_gt_prototype_NOT_team2_integration
104154,1,1663,1695,66.52,67.8,load_bucket,0.8775860667228699,1600,1664,1663,xml_gt_prototype_NOT_team2_integration
104154,1,1695,1727,67.8,69.08,load_bucket,0.7935397624969482,1632,1696,1695,xml_gt_prototype_NOT_team2_integration
104154,1,1727,1759,69.08,70.36,swing_bucket,0.6109703779220581,1664,1728,1727,xml_gt_prototype_NOT_team2_integration
104154,1,1759,1791,70.36,71.64,swing_bucket,0.6764755249023438,1696,1760,1759,xml_gt_prototype_NOT_team2_integration
104154,1,1791,1823,71.64,72.92,swing_bucket,0.5942434668540955,1728,1792,1791,xml_gt_prototype_NOT_team2_integration
104154,1,1823,1855,72.92,74.2,idle,0.7310915589332581,1760,1824,1823,xml_gt_prototype_NOT_team2_integration
104154,1,1855,1887,74.2,75.48,swing_bucket,0.8646320104598999,1792,1856,1855,xml_gt_prototype_NOT_team2_integration
104154,1,1887,1919,75.48,76.76,load_bucket,0.5074605941772461,1824,1888,1887,xml_gt_prototype_NOT_team2_integration
104154,1,1919,1951,76.76,78.04,idle,0.9669619798660278,1856,1920,1919,xml_gt_prototype_NOT_team2_integration
104154,1,1951,1983,78.04,79.32,idle,0.9353089332580566,1888,1952,1951,xml_gt_prototype_NOT_team2_integration
104154,1,1983,2015,79.32,80.6,load_bucket,0.7720950245857239,1920,1984,1983,xml_gt_prototype_NOT_team2_integration
104154,1,2015,2047,80.6,81.88,load_bucket,0.9084563851356506,1952,2016,2015,xml_gt_prototype_NOT_team2_integration
104154,1,2047,2079,81.88,83.16,idle,0.8860531449317932,1984,2048,2047,xml_gt_prototype_NOT_team2_integration
104154,1,2079,2111,83.16,84.44,idle,0.9151450991630554,2016,2080,2079,xml_gt_prototype_NOT_team2_integration
104154,1,2111,2143,84.44,85.72,load_bucket,0.7850285768508911,2048,2112,2111,xml_gt_prototype_NOT_team2_integration
104154,1,2143,2175,85.72,87.0,idle,0.8070729970932007,2080,2144,2143,xml_gt_prototype_NOT_team2_integration
104154,1,2175,2207,87.0,88.28,idle,0.7160585522651672,2112,2176,2175,xml_gt_prototype_NOT_team2_integration
104154,1,2207,2239,88.28,89.56,idle,0.5231849551200867,2144,2208,2207,xml_gt_prototype_NOT_team2_integration
104154,1,2239,2271,89.56,90.84,idle,0.570765495300293,2176,2240,2239,xml_gt_prototype_NOT_team2_integration
104154,1,2271,2303,90.84,92.12,load_bucket,0.9198316335678101,2208,2272,2271,xml_gt_prototype_NOT_team2_integration
104154,1,2303,2335,92.12,93.4,idle,0.7846227884292603,2240,2304,2303,xml_gt_prototype_NOT_team2_integration
104154,1,2335,2367,93.4,94.68,idle,0.5079507827758789,2272,2336,2335,xml_gt_prototype_NOT_team2_integration
104154,1,2367,2399,94.68,95.96,load_bucket,0.628023087978363,2304,2368,2367,xml_gt_prototype_NOT_team2_integration
104154,1,2399,2431,95.96,97.24,idle,0.9326115846633911,2336,2400,2399,xml_gt_prototype_NOT_team2_integration
104154,1,2431,2463,97.24,98.52,idle,0.9178017377853394,2368,2432,2431,xml_gt_prototype_NOT_team2_integration
104154,1,2463,2495,98.52,99.8,idle,0.655306875705719,2400,2464,2463,xml_gt_prototype_NOT_team2_integration
104154,1,2495,2527,99.8,101.08,load_bucket,0.8330493569374084,2432,2496,2495,xml_gt_prototype_NOT_team2_integration
104154,1,2527,2559,101.08,102.36,idle,0.644851565361023,2464,2528,2527,xml_gt_prototype_NOT_team2_integration
104154,1,2559,2591,102.36,103.64,idle,0.9235119223594666,2496,2560,2559,xml_gt_prototype_NOT_team2_integration
104154,1,2591,2623,103.64,104.92,load_bucket,0.6158591508865356,2528,2592,2591,xml_gt_prototype_NOT_team2_integration
104154,1,2623,2655,104.92,106.2,load_bucket,0.8022043704986572,2560,2624,2623,xml_gt_prototype_NOT_team2_integration
104154,1,2655,2687,106.2,107.48,idle,0.4821615517139435,2592,2656,2655,xml_gt_prototype_NOT_team2_integration
104154,1,2687,2719,107.48,108.76,idle,0.9382396936416626,2624,2688,2687,xml_gt_prototype_NOT_team2_integration
104154,1,2719,2751,108.76,110.04,idle,0.5766570568084717,2656,2720,2719,xml_gt_prototype_NOT_team2_integration
104154,1,2751,2783,110.04,111.32,idle,0.8193513751029968,2688,2752,2751,xml_gt_prototype_NOT_team2_integration
104154,1,2783,2815,111.32,112.6,idle,0.6339257955551147,2720,2784,2783,xml_gt_prototype_NOT_team2_integration
104154,1,2815,2847,112.6,113.88,idle,0.6991302371025085,2752,2816,2815,xml_gt_prototype_NOT_team2_integration
104154,1,2847,2879,113.88,115.16,idle,0.7344068288803101,2784,2848,2847,xml_gt_prototype_NOT_team2_integration
104154,1,2879,2911,115.16,116.44,idle,0.6325193643569946,2816,2880,2879,xml_gt_prototype_NOT_team2_integration
104154,1,2911,2943,116.44,117.72,idle,0.707938015460968,2848,2912,2911,xml_gt_prototype_NOT_team2_integration
104154,1,2943,2975,117.72,119.0,load_bucket,0.5938716530799866,2880,2944,2943,xml_gt_prototype_NOT_team2_integration
104154,1,2975,3007,119.0,120.28,load_bucket,0.46243664622306824,2912,2976,2975,xml_gt_prototype_NOT_team2_integration
104154,1,3007,3039,120.28,121.56,idle,0.5428054928779602,2944,3008,3007,xml_gt_prototype_NOT_team2_integration
104154,1,3039,3071,121.56,122.84,idle,0.5563303828239441,2976,3040,3039,xml_gt_prototype_NOT_team2_integration
104154,1,3071,3103,122.84,124.12,load_bucket,0.6805330514907837,3008,3072,3071,xml_gt_prototype_NOT_team2_integration
104154,1,3103,3135,124.12,125.4,load_bucket,0.6860209107398987,3040,3104,3103,xml_gt_prototype_NOT_team2_integration
104154,1,3135,3167,125.4,126.68,load_bucket,0.6775522232055664,3072,3136,3135,xml_gt_prototype_NOT_team2_integration
104154,1,3167,3199,126.68,127.96,load_bucket,0.5705894231796265,3104,3168,3167,xml_gt_prototype_NOT_team2_integration
104154,1,3199,3231,127.96,129.24,load_bucket,0.5551453232765198,3136,3200,3199,xml_gt_prototype_NOT_team2_integration
104154,1,3231,3263,129.24,130.52,load_bucket,0.5349486470222473,3168,3232,3231,xml_gt_prototype_NOT_team2_integration
104154,1,3263,3295,130.52,131.8,idle,0.7316167950630188,3200,3264,3263,xml_gt_prototype_NOT_team2_integration
104154,1,3295,3327,131.8,133.08,idle,0.9163997769355774,3232,3296,3295,xml_gt_prototype_NOT_team2_integration
104154,1,3327,3359,133.08,134.36,load_bucket,0.6470063328742981,3264,3328,3327,xml_gt_prototype_NOT_team2_integration
104154,1,3359,3391,134.36,135.64,load_bucket,0.692001223564148,3296,3360,3359,xml_gt_prototype_NOT_team2_integration
104154,1,3391,3423,135.64,136.92,load_bucket,0.9027644991874695,3328,3392,3391,xml_gt_prototype_NOT_team2_integration
104154,1,3423,3455,136.92,138.2,load_bucket,0.8707019090652466,3360,3424,3423,xml_gt_prototype_NOT_team2_integration
104154,1,3455,3487,138.2,139.48,idle,0.8320650458335876,3392,3456,3455,xml_gt_prototype_NOT_team2_integration
104154,1,3487,3519,139.48,140.76,idle,0.6363433003425598,3424,3488,3487,xml_gt_prototype_NOT_team2_integration
104154,1,3519,3551,140.76,142.04,load_bucket,0.6501468420028687,3456,3520,3519,xml_gt_prototype_NOT_team2_integration
104154,1,3551,3583,142.04,143.32,load_bucket,0.4763028025627136,3488,3552,3551,xml_gt_prototype_NOT_team2_integration
104154,1,3583,3615,143.32,144.6,load_bucket,0.7142090797424316,3520,3584,3583,xml_gt_prototype_NOT_team2_integration
104154,1,3615,3647,144.6,145.88,load_bucket,0.710890531539917,3552,3616,3615,xml_gt_prototype_NOT_team2_integration
104154,1,3647,3679,145.88,147.16,load_bucket,0.7149279117584229,3584,3648,3647,xml_gt_prototype_NOT_team2_integration
104154,1,3679,3711,147.16,148.44,load_bucket,0.7545148134231567,3616,3680,3679,xml_gt_prototype_NOT_team2_integration
104154,1,3711,3743,148.44,149.72,idle,0.4472515881061554,3648,3712,3711,xml_gt_prototype_NOT_team2_integration
104154,1,3743,3775,149.72,151.0,idle,0.9288638830184937,3680,3744,3743,xml_gt_prototype_NOT_team2_integration
104154,1,3775,3807,151.0,152.28,idle,0.983797013759613,3712,3776,3775,xml_gt_prototype_NOT_team2_integration
104154,1,3807,3839,152.28,153.56,idle,0.9925341606140137,3744,3808,3807,xml_gt_prototype_NOT_team2_integration
104154,1,3839,3871,153.56,154.84,idle,0.9916278123855591,3776,3840,3839,xml_gt_prototype_NOT_team2_integration
104154,1,3871,3903,154.84,156.12,idle,0.9910694360733032,3808,3872,3871,xml_gt_prototype_NOT_team2_integration
104154,1,3903,3935,156.12,157.4,idle,0.9913060069084167,3840,3904,3903,xml_gt_prototype_NOT_team2_integration
104154,1,3935,3967,157.4,158.68,idle,0.9972749352455139,3872,3936,3935,xml_gt_prototype_NOT_team2_integration
104154,1,3967,3999,158.68,159.96,idle,0.9653909206390381,3904,3968,3967,xml_gt_prototype_NOT_team2_integration
104154,1,3999,4031,159.96,161.24,idle,0.968402087688446,3936,4000,3999,xml_gt_prototype_NOT_team2_integration
104154,1,4031,4063,161.24,162.52,idle,0.9326918125152588,3968,4032,4031,xml_gt_prototype_NOT_team2_integration
104154,1,4063,4095,162.52,163.8,idle,0.9681096076965332,4000,4064,4063,xml_gt_prototype_NOT_team2_integration
104154,1,4095,4127,163.8,165.08,idle,0.9542773962020874,4032,4096,4095,xml_gt_prototype_NOT_team2_integration
104154,1,4127,4159,165.08,166.36,idle,0.8125836849212646,4064,4128,4127,xml_gt_prototype_NOT_team2_integration
104154,1,4159,4191,166.36,167.64,idle,0.7580332159996033,4096,4160,4159,xml_gt_prototype_NOT_team2_integration
104154,1,4191,4223,167.64,168.92,idle,0.5501985549926758,4128,4192,4191,xml_gt_prototype_NOT_team2_integration
104154,1,4223,4255,168.92,170.2,load_bucket,0.8927256464958191,4160,4224,4223,xml_gt_prototype_NOT_team2_integration
104154,1,4255,4287,170.2,171.48,load_bucket,0.8512935042381287,4192,4256,4255,xml_gt_prototype_NOT_team2_integration
104154,1,4287,4319,171.48,172.76,load_bucket,0.8439669013023376,4224,4288,4287,xml_gt_prototype_NOT_team2_integration
104154,1,4319,4351,172.76,174.04,load_bucket,0.841291606426239,4256,4320,4319,xml_gt_prototype_NOT_team2_integration
104154,1,4351,4383,174.04,175.32,load_bucket,0.8347158432006836,4288,4352,4351,xml_gt_prototype_NOT_team2_integration
104154,1,4383,4415,175.32,176.6,load_bucket,0.8049528002738953,4320,4384,4383,xml_gt_prototype_NOT_team2_integration
104154,1,4415,4447,176.6,177.88,load_bucket,0.8447834849357605,4352,4416,4415,xml_gt_prototype_NOT_team2_integration
104154,1,4447,4479,177.88,179.16,idle,0.7768949866294861,4384,4448,4447,xml_gt_prototype_NOT_team2_integration
104154,1,4479,4511,179.16,180.44,idle,0.9189116954803467,4416,4480,4479,xml_gt_prototype_NOT_team2_integration
104154,1,4511,4543,180.44,181.72,idle,0.8580039739608765,4448,4512,4511,xml_gt_prototype_NOT_team2_integration
104154,1,4543,4575,181.72,183.0,idle,0.9311755895614624,4480,4544,4543,xml_gt_prototype_NOT_team2_integration
104154,1,4575,4607,183.0,184.28,idle,0.9372508525848389,4512,4576,4575,xml_gt_prototype_NOT_team2_integration
104154,1,4607,4639,184.28,185.56,idle,0.9299613237380981,4544,4608,4607,xml_gt_prototype_NOT_team2_integration
104154,1,4639,4671,185.56,186.84,idle,0.9444302320480347,4576,4640,4639,xml_gt_prototype_NOT_team2_integration
104154,1,4671,4703,186.84,188.12,idle,0.9771860837936401,4608,4672,4671,xml_gt_prototype_NOT_team2_integration
104154,1,4703,4735,188.12,189.4,idle,0.9844099283218384,4640,4704,4703,xml_gt_prototype_NOT_team2_integration
104154,1,4735,4767,189.4,190.68,idle,0.9890434741973877,4672,4736,4735,xml_gt_prototype_NOT_team2_integration
104154,1,4767,4799,190.68,191.96,idle,0.9750335812568665,4704,4768,4767,xml_gt_prototype_NOT_team2_integration
104154,1,4799,4831,191.96,193.24,idle,0.9619178175926208,4736,4800,4799,xml_gt_prototype_NOT_team2_integration
104154,1,4831,4863,193.24,194.52,idle,0.9819093942642212,4768,4832,4831,xml_gt_prototype_NOT_team2_integration
104154,1,4863,4895,194.52,195.8,idle,0.986706554889679,4800,4864,4863,xml_gt_prototype_NOT_team2_integration
104154,1,4895,4927,195.8,197.08,idle,0.9866759181022644,4832,4896,4895,xml_gt_prototype_NOT_team2_integration
104154,1,4927,4959,197.08,198.36,idle,0.9803675413131714,4864,4928,4927,xml_gt_prototype_NOT_team2_integration
104154,1,4959,4991,198.36,199.64,idle,0.9745481014251709,4896,4960,4959,xml_gt_prototype_NOT_team2_integration
104154,1,4991,5023,199.64,200.92,idle,0.9676134586334229,4928,4992,4991,xml_gt_prototype_NOT_team2_integration
104154,1,5023,5055,200.92,202.2,idle,0.973179280757904,4960,5024,5023,xml_gt_prototype_NOT_team2_integration
104154,1,5055,5087,202.2,203.48,idle,0.8910756707191467,4992,5056,5055,xml_gt_prototype_NOT_team2_integration
104154,1,5087,5119,203.48,204.76,idle,0.6956020593643188,5024,5088,5087,xml_gt_prototype_NOT_team2_integration
104154,1,5119,5151,204.76,206.04,load_bucket,0.49063560366630554,5056,5120,5119,xml_gt_prototype_NOT_team2_integration
104154,1,5151,5183,206.04,207.32,load_bucket,0.7505475282669067,5088,5152,5151,xml_gt_prototype_NOT_team2_integration
104154,1,5183,5215,207.32,208.6,load_bucket,0.9004442691802979,5120,5184,5183,xml_gt_prototype_NOT_team2_integration
104154,1,5215,5247,208.6,209.88,load_bucket,0.8749557733535767,5152,5216,5215,xml_gt_prototype_NOT_team2_integration
104154,1,5247,5279,209.88,211.16,load_bucket,0.8780724406242371,5184,5248,5247,xml_gt_prototype_NOT_team2_integration
104154,1,5279,5311,211.16,212.44,load_bucket,0.5143991112709045,5216,5280,5279,xml_gt_prototype_NOT_team2_integration
104154,1,5311,5343,212.44,213.72,idle,0.744304358959198,5248,5312,5311,xml_gt_prototype_NOT_team2_integration
104154,1,5343,5375,213.72,215.0,idle,0.9623186588287354,5280,5344,5343,xml_gt_prototype_NOT_team2_integration
104154,1,5375,5407,215.0,216.28,idle,0.9960775971412659,5312,5376,5375,xml_gt_prototype_NOT_team2_integration
104154,1,5407,5439,216.28,217.56,idle,0.9585127234458923,5344,5408,5407,xml_gt_prototype_NOT_team2_integration
104154,1,5439,5471,217.56,218.84,idle,0.9551441669464111,5376,5440,5439,xml_gt_prototype_NOT_team2_integration
104154,1,5471,5503,218.84,220.12,idle,0.9654793739318848,5408,5472,5471,xml_gt_prototype_NOT_team2_integration
104154,1,5503,5535,220.12,221.4,idle,0.9561921954154968,5440,5504,5503,xml_gt_prototype_NOT_team2_integration
104154,1,5535,5567,221.4,222.68,idle,0.9628502130508423,5472,5536,5535,xml_gt_prototype_NOT_team2_integration
104154,1,5567,5599,222.68,223.96,idle,0.8595032095909119,5504,5568,5567,xml_gt_prototype_NOT_team2_integration
104154,1,5599,5631,223.96,225.24,idle,0.8098003268241882,5536,5600,5599,xml_gt_prototype_NOT_team2_integration
104154,1,5631,5663,225.24,226.52,idle,0.9467918276786804,5568,5632,5631,xml_gt_prototype_NOT_team2_integration
104154,1,5663,5695,226.52,227.8,idle,0.9524615406990051,5600,5664,5663,xml_gt_prototype_NOT_team2_integration
104154,1,5695,5727,227.8,229.08,idle,0.7725231051445007,5632,5696,5695,xml_gt_prototype_NOT_team2_integration
104154,1,5727,5759,229.08,230.36,idle,0.6789550185203552,5664,5728,5727,xml_gt_prototype_NOT_team2_integration
104154,1,5759,5791,230.36,231.64,load_bucket,0.619473397731781,5696,5760,5759,xml_gt_prototype_NOT_team2_integration
104154,1,5791,5823,231.64,232.92,load_bucket,0.9166234731674194,5728,5792,5791,xml_gt_prototype_NOT_team2_integration
104154,1,5823,5855,232.92,234.2,load_bucket,0.9070553779602051,5760,5824,5823,xml_gt_prototype_NOT_team2_integration
104154,1,5855,5887,234.2,235.48,load_bucket,0.9322106838226318,5792,5856,5855,xml_gt_prototype_NOT_team2_integration
104154,1,5887,5919,235.48,236.76,load_bucket,0.8889442086219788,5824,5888,5887,xml_gt_prototype_NOT_team2_integration
104154,1,5919,5951,236.76,238.04,load_bucket,0.5575106739997864,5856,5920,5919,xml_gt_prototype_NOT_team2_integration
104154,1,5951,5983,238.04,239.32,idle,0.5905725955963135,5888,5952,5951,xml_gt_prototype_NOT_team2_integration
104154,1,5983,6015,239.32,240.6,idle,0.8468019366264343,5920,5984,5983,xml_gt_prototype_NOT_team2_integration
104154,1,6015,6047,240.6,241.88,idle,0.6259618997573853,5952,6016,6015,xml_gt_prototype_NOT_team2_integration
104154,1,6047,6079,241.88,243.16,idle,0.8613672852516174,5984,6048,6047,xml_gt_prototype_NOT_team2_integration
104154,1,6079,6111,243.16,244.44,idle,0.896016538143158,6016,6080,6079,xml_gt_prototype_NOT_team2_integration
104154,1,6111,6143,244.44,245.72,idle,0.8817777037620544,6048,6112,6111,xml_gt_prototype_NOT_team2_integration
104154,1,6143,6175,245.72,247.0,idle,0.8570190668106079,6080,6144,6143,xml_gt_prototype_NOT_team2_integration
104154,1,6175,6207,247.0,248.28,idle,0.9410749077796936,6112,6176,6175,xml_gt_prototype_NOT_team2_integration
104154,1,6207,6239,248.28,249.56,idle,0.9465165734291077,6144,6208,6207,xml_gt_prototype_NOT_team2_integration
104154,1,6239,6271,249.56,250.84,idle,0.9447237253189087,6176,6240,6239,xml_gt_prototype_NOT_team2_integration
104154,1,6271,6303,250.84,252.12,idle,0.9210258722305298,6208,6272,6271,xml_gt_prototype_NOT_team2_integration
104154,1,6303,6335,252.12,253.4,idle,0.8707768321037292,6240,6304,6303,xml_gt_prototype_NOT_team2_integration
104154,1,6335,6367,253.4,254.68,idle,0.663211464881897,6272,6336,6335,xml_gt_prototype_NOT_team2_integration
104154,1,6367,6399,254.68,255.96,load_bucket,0.565858006477356,6304,6368,6367,xml_gt_prototype_NOT_team2_integration
104154,1,6399,6431,255.96,257.24,load_bucket,0.4998151659965515,6336,6400,6399,xml_gt_prototype_NOT_team2_integration
104154,1,6431,6463,257.24,258.52,load_bucket,0.5046767592430115,6368,6432,6431,xml_gt_prototype_NOT_team2_integration
104154,1,6463,6495,258.52,259.8,load_bucket,0.49889320135116577,6400,6464,6463,xml_gt_prototype_NOT_team2_integration
104154,1,6495,6527,259.8,261.08,load_bucket,0.6932187676429749,6432,6496,6495,xml_gt_prototype_NOT_team2_integration
104154,1,6527,6559,261.08,262.36,load_bucket,0.8736476302146912,6464,6528,6527,xml_gt_prototype_NOT_team2_integration
104154,1,6559,6591,262.36,263.64,load_bucket,0.8238199949264526,6496,6560,6559,xml_gt_prototype_NOT_team2_integration
104154,1,6591,6623,263.64,264.92,load_bucket,0.6972914338111877,6528,6592,6591,xml_gt_prototype_NOT_team2_integration
104154,1,6623,6655,264.92,266.2,load_bucket,0.738073468208313,6560,6624,6623,xml_gt_prototype_NOT_team2_integration
104154,1,6655,6687,266.2,267.48,load_bucket,0.7231493592262268,6592,6656,6655,xml_gt_prototype_NOT_team2_integration
104154,1,6687,6719,267.48,268.76,idle,0.49632152915000916,6624,6688,6687,xml_gt_prototype_NOT_team2_integration
104154,1,6719,6751,268.76,270.04,load_bucket,0.5121591091156006,6656,6720,6719,xml_gt_prototype_NOT_team2_integration
104154,1,6751,6783,270.04,271.32,idle,0.7694860100746155,6688,6752,6751,xml_gt_prototype_NOT_team2_integration
104154,1,6783,6815,271.32,272.6,idle,0.575079083442688,6720,6784,6783,xml_gt_prototype_NOT_team2_integration
104154,1,6815,6847,272.6,273.88,load_bucket,0.5115569829940796,6752,6816,6815,xml_gt_prototype_NOT_team2_integration
104154,1,6847,6879,273.88,275.16,idle,0.5847379565238953,6784,6848,6847,xml_gt_prototype_NOT_team2_integration
104154,1,6879,6911,275.16,276.44,load_bucket,0.570500910282135,6816,6880,6879,xml_gt_prototype_NOT_team2_integration
104154,1,6911,6943,276.44,277.72,idle,0.7058460712432861,6848,6912,6911,xml_gt_prototype_NOT_team2_integration
104154,1,6943,6975,277.72,279.0,idle,0.7802863717079163,6880,6944,6943,xml_gt_prototype_NOT_team2_integration
104154,1,6975,7007,279.0,280.28,idle,0.9441706538200378,6912,6976,6975,xml_gt_prototype_NOT_team2_integration
104154,1,7007,7039,280.28,281.56,idle,0.8498838543891907,6944,7008,7007,xml_gt_prototype_NOT_team2_integration
104154,1,7039,7071,281.56,282.84,idle,0.8369442224502563,6976,7040,7039,xml_gt_prototype_NOT_team2_integration
104154,1,7071,7103,282.84,284.12,load_bucket,0.48702260851860046,7008,7072,7071,xml_gt_prototype_NOT_team2_integration
104154,1,7103,7135,284.12,285.4,load_bucket,0.7541453242301941,7040,7104,7103,xml_gt_prototype_NOT_team2_integration
104154,1,7135,7167,285.4,286.68,load_bucket,0.83612459897995,7072,7136,7135,xml_gt_prototype_NOT_team2_integration
104154,1,7167,7199,286.68,287.96,load_bucket,0.8316875696182251,7104,7168,7167,xml_gt_prototype_NOT_team2_integration
104154,1,7199,7231,287.96,289.24,idle,0.5818046927452087,7136,7200,7199,xml_gt_prototype_NOT_team2_integration
104154,1,7231,7263,289.24,290.52,idle,0.7271503210067749,7168,7232,7231,xml_gt_prototype_NOT_team2_integration
104154,1,7263,7295,290.52,291.8,idle,0.4123028814792633,7200,7264,7263,xml_gt_prototype_NOT_team2_integration
104154,1,7295,7327,291.8,293.08,idle,0.4384562373161316,7232,7296,7295,xml_gt_prototype_NOT_team2_integration
104154,1,7327,7359,293.08,294.36,load_bucket,0.5255650281906128,7264,7328,7327,xml_gt_prototype_NOT_team2_integration
104154,1,7359,7391,294.36,295.64,load_bucket,0.6963071823120117,7296,7360,7359,xml_gt_prototype_NOT_team2_integration
104154,1,7391,7423,295.64,296.92,load_bucket,0.6260132193565369,7328,7392,7391,xml_gt_prototype_NOT_team2_integration
104154,1,7423,7455,296.92,298.2,load_bucket,0.6844396591186523,7360,7424,7423,xml_gt_prototype_NOT_team2_integration
104154,1,7455,7487,298.2,299.48,idle,0.5802110433578491,7392,7456,7455,xml_gt_prototype_NOT_team2_integration
104154,1,7487,7519,299.48,300.76,load_bucket,0.58696049451828,7424,7488,7487,xml_gt_prototype_NOT_team2_integration
104154,1,7519,7551,300.76,302.04,idle,0.7216010689735413,7456,7520,7519,xml_gt_prototype_NOT_team2_integration
104154,1,7551,7583,302.04,303.32,idle,0.6468621492385864,7488,7552,7551,xml_gt_prototype_NOT_team2_integration
104154,1,7583,7615,303.32,304.6,idle,0.656761646270752,7520,7584,7583,xml_gt_prototype_NOT_team2_integration
104154,1,7615,7647,304.6,305.88,idle,0.8550737500190735,7552,7616,7615,xml_gt_prototype_NOT_team2_integration
104154,1,7647,7679,305.88,307.16,idle,0.8005328178405762,7584,7648,7647,xml_gt_prototype_NOT_team2_integration
104154,1,7679,7711,307.16,308.44,idle,0.6539382934570312,7616,7680,7679,xml_gt_prototype_NOT_team2_integration
104154,1,7711,7743,308.44,309.72,idle,0.5946999788284302,7648,7712,7711,xml_gt_prototype_NOT_team2_integration
104154,1,7743,7775,309.72,311.0,idle,0.9554734826087952,7680,7744,7743,xml_gt_prototype_NOT_team2_integration
104154,1,7775,7807,311.0,312.28,idle,0.8905882239341736,7712,7776,7775,xml_gt_prototype_NOT_team2_integration
104154,1,7807,7839,312.28,313.56,idle,0.9052661657333374,7744,7808,7807,xml_gt_prototype_NOT_team2_integration
104154,1,7839,7871,313.56,314.84,idle,0.8221801519393921,7776,7840,7839,xml_gt_prototype_NOT_team2_integration
104154,1,7871,7903,314.84,316.12,idle,0.9609420299530029,7808,7872,7871,xml_gt_prototype_NOT_team2_integration
104154,1,7903,7935,316.12,317.4,idle,0.7345485687255859,7840,7904,7903,xml_gt_prototype_NOT_team2_integration
104154,1,7935,7967,317.4,318.68,idle,0.9187586307525635,7872,7936,7935,xml_gt_prototype_NOT_team2_integration
104154,1,7967,7999,318.68,319.96,idle,0.9181011915206909,7904,7968,7967,xml_gt_prototype_NOT_team2_integration
104154,1,7999,8031,319.96,321.24,idle,0.8112249374389648,7936,8000,7999,xml_gt_prototype_NOT_team2_integration
104154,1,8031,8063,321.24,322.52,idle,0.7343747019767761,7968,8032,8031,xml_gt_prototype_NOT_team2_integration
104154,1,8063,8095,322.52,323.8,idle,0.8063188791275024,8000,8064,8063,xml_gt_prototype_NOT_team2_integration
104154,1,8095,8127,323.8,325.08,idle,0.7968618273735046,8032,8096,8095,xml_gt_prototype_NOT_team2_integration
104154,1,8127,8159,325.08,326.36,idle,0.6576868891716003,8064,8128,8127,xml_gt_prototype_NOT_team2_integration
104154,1,8159,8191,326.36,327.64,load_bucket,0.5074518918991089,8096,8160,8159,xml_gt_prototype_NOT_team2_integration
104154,1,8191,8223,327.64,328.92,load_bucket,0.5196315050125122,8128,8192,8191,xml_gt_prototype_NOT_team2_integration
104154,1,8223,8255,328.92,330.2,load_bucket,0.6003007292747498,8160,8224,8223,xml_gt_prototype_NOT_team2_integration
104154,1,8255,8287,330.2,331.48,idle,0.568419337272644,8192,8256,8255,xml_gt_prototype_NOT_team2_integration
104154,1,8287,8319,331.48,332.76,idle,0.5507590770721436,8224,8288,8287,xml_gt_prototype_NOT_team2_integration
104154,1,8319,8351,332.76,334.04,idle,0.7012240886688232,8256,8320,8319,xml_gt_prototype_NOT_team2_integration
104154,1,8351,8383,334.04,335.32,idle,0.614862859249115,8288,8352,8351,xml_gt_prototype_NOT_team2_integration
104154,1,8383,8415,335.32,336.6,idle,0.6789719462394714,8320,8384,8383,xml_gt_prototype_NOT_team2_integration
104154,1,8415,8447,336.6,337.88,idle,0.6096232533454895,8352,8416,8415,xml_gt_prototype_NOT_team2_integration
104154,1,8447,8479,337.88,339.16,idle,0.6787853837013245,8384,8448,8447,xml_gt_prototype_NOT_team2_integration
104154,1,8479,8511,339.16,340.44,idle,0.6927114129066467,8416,8480,8479,xml_gt_prototype_NOT_team2_integration
104154,1,8511,8543,340.44,341.72,idle,0.6160597205162048,8448,8512,8511,xml_gt_prototype_NOT_team2_integration
104154,1,8543,8575,341.72,343.0,idle,0.6113266944885254,8480,8544,8543,xml_gt_prototype_NOT_team2_integration
104154,1,8575,8607,343.0,344.28,idle,0.6086665987968445,8512,8576,8575,xml_gt_prototype_NOT_team2_integration
104154,1,8607,8639,344.28,345.56,idle,0.817311704158783,8544,8608,8607,xml_gt_prototype_NOT_team2_integration
104154,1,8639,8671,345.56,346.84,idle,0.9812332391738892,8576,8640,8639,xml_gt_prototype_NOT_team2_integration
104154,1,8671,8703,346.84,348.12,idle,0.9786267876625061,8608,8672,8671,xml_gt_prototype_NOT_team2_integration
104154,1,8703,8735,348.12,349.4,idle,0.534781277179718,8640,8704,8703,xml_gt_prototype_NOT_team2_integration
104154,1,8735,8767,349.4,350.68,idle,0.5925843119621277,8672,8736,8735,xml_gt_prototype_NOT_team2_integration
104154,1,8767,8799,350.68,351.96,idle,0.7259315252304077,8704,8768,8767,xml_gt_prototype_NOT_team2_integration
104154,1,8799,8831,351.96,353.24,idle,0.7598147392272949,8736,8800,8799,xml_gt_prototype_NOT_team2_integration
104154,1,8831,8863,353.24,354.52,idle,0.5523151159286499,8768,8832,8831,xml_gt_prototype_NOT_team2_integration
104154,1,8863,8895,354.52,355.8,idle,0.5370747447013855,8800,8864,8863,xml_gt_prototype_NOT_team2_integration
104154,1,8895,8927,355.8,357.08,idle,0.5474103689193726,8832,8896,8895,xml_gt_prototype_NOT_team2_integration
104154,1,8927,8959,357.08,358.36,idle,0.5519888401031494,8864,8928,8927,xml_gt_prototype_NOT_team2_integration
104154,1,8959,8991,358.36,359.64,idle,0.5536408424377441,8896,8960,8959,xml_gt_prototype_NOT_team2_integration
104154,1,8991,9023,359.64,360.92,idle,0.5375080108642578,8928,8992,8991,xml_gt_prototype_NOT_team2_integration
104154,1,9023,9055,360.92,362.2,idle,0.536432683467865,8960,9024,9023,xml_gt_prototype_NOT_team2_integration
104154,1,9055,9087,362.2,363.48,idle,0.5540409088134766,8992,9056,9055,xml_gt_prototype_NOT_team2_integration
104154,1,9087,9119,363.48,364.76,idle,0.5719224810600281,9024,9088,9087,xml_gt_prototype_NOT_team2_integration
104154,1,9119,9151,364.76,366.04,idle,0.5730026364326477,9056,9120,9119,xml_gt_prototype_NOT_team2_integration
104154,1,9151,9183,366.04,367.32,idle,0.6092846393585205,9088,9152,9151,xml_gt_prototype_NOT_team2_integration
104154,1,9183,9215,367.32,368.6,idle,0.6662931442260742,9120,9184,9183,xml_gt_prototype_NOT_team2_integration
104154,1,9215,9247,368.6,369.88,load_bucket,0.688558042049408,9152,9216,9215,xml_gt_prototype_NOT_team2_integration
104154,1,9247,9279,369.88,371.16,load_bucket,0.8411105871200562,9184,9248,9247,xml_gt_prototype_NOT_team2_integration
104154,1,9279,9311,371.16,372.44,load_bucket,0.6579546928405762,9216,9280,9279,xml_gt_prototype_NOT_team2_integration
104154,1,9311,9343,372.44,373.72,load_bucket,0.6126685738563538,9248,9312,9311,xml_gt_prototype_NOT_team2_integration
104154,1,9343,9375,373.72,375.0,load_bucket,0.7137234807014465,9280,9344,9343,xml_gt_prototype_NOT_team2_integration
104154,1,9375,9407,375.0,376.28,load_bucket,0.693845272064209,9312,9376,9375,xml_gt_prototype_NOT_team2_integration
104154,1,9407,9439,376.28,377.56,load_bucket,0.8420817852020264,9344,9408,9407,xml_gt_prototype_NOT_team2_integration
104154,1,9439,9471,377.56,378.84,load_bucket,0.9432289004325867,9376,9440,9439,xml_gt_prototype_NOT_team2_integration
104154,1,9471,9503,378.84,380.12,load_bucket,0.9318932890892029,9408,9472,9471,xml_gt_prototype_NOT_team2_integration
104154,1,9503,9535,380.12,381.4,load_bucket,0.9826663732528687,9440,9504,9503,xml_gt_prototype_NOT_team2_integration
104154,1,9535,9567,381.4,382.68,load_bucket,0.9817360639572144,9472,9536,9535,xml_gt_prototype_NOT_team2_integration
104154,1,9567,9599,382.68,383.96,load_bucket,0.9839813113212585,9504,9568,9567,xml_gt_prototype_NOT_team2_integration
104154,1,9599,9631,383.96,385.24,load_bucket,0.979692816734314,9536,9600,9599,xml_gt_prototype_NOT_team2_integration
104154,1,9631,9663,385.24,386.52,load_bucket,0.8784795999526978,9568,9632,9631,xml_gt_prototype_NOT_team2_integration
104154,1,9663,9695,386.52,387.8,load_bucket,0.9395393133163452,9600,9664,9663,xml_gt_prototype_NOT_team2_integration
104154,1,9695,9727,387.8,389.08,load_bucket,0.8730748295783997,9632,9696,9695,xml_gt_prototype_NOT_team2_integration
104154,1,9727,9759,389.08,390.36,load_bucket,0.7428602576255798,9664,9728,9727,xml_gt_prototype_NOT_team2_integration
104154,1,9759,9791,390.36,391.64,load_bucket,0.8522562980651855,9696,9760,9759,xml_gt_prototype_NOT_team2_integration
104154,1,9791,9823,391.64,392.92,load_bucket,0.9598469138145447,9728,9792,9791,xml_gt_prototype_NOT_team2_integration
104154,1,9823,9855,392.92,394.2,load_bucket,0.9467161893844604,9760,9824,9823,xml_gt_prototype_NOT_team2_integration
104154,1,9855,9887,394.2,395.48,load_bucket,0.9183349013328552,9792,9856,9855,xml_gt_prototype_NOT_team2_integration
104154,1,9887,9919,395.48,396.76,load_bucket,0.5777881145477295,9824,9888,9887,xml_gt_prototype_NOT_team2_integration
104154,1,9919,9951,396.76,398.04,idle,0.3903447687625885,9856,9920,9919,xml_gt_prototype_NOT_team2_integration
104154,1,9951,9983,398.04,399.32,load_bucket,0.5972914695739746,9888,9952,9951,xml_gt_prototype_NOT_team2_integration
104154,1,9983,10015,399.32,400.6,load_bucket,0.6476307511329651,9920,9984,9983,xml_gt_prototype_NOT_team2_integration
104154,1,10015,10047,400.6,401.88,idle,0.665245532989502,9952,10016,10015,xml_gt_prototype_NOT_team2_integration
104154,1,10047,10079,401.88,403.16,idle,0.5758233070373535,9984,10048,10047,xml_gt_prototype_NOT_team2_integration
104154,1,10079,10111,403.16,404.44,idle,0.6338015198707581,10016,10080,10079,xml_gt_prototype_NOT_team2_integration
104154,1,10111,10143,404.44,405.72,idle,0.7070280313491821,10048,10112,10111,xml_gt_prototype_NOT_team2_integration
104154,1,10143,10175,405.72,407.0,idle,0.6990984082221985,10080,10144,10143,xml_gt_prototype_NOT_team2_integration
104154,1,10175,10207,407.0,408.28,idle,0.6954485774040222,10112,10176,10175,xml_gt_prototype_NOT_team2_integration
104154,1,10207,10239,408.28,409.56,idle,0.672410249710083,10144,10208,10207,xml_gt_prototype_NOT_team2_integration
104154,1,10239,10271,409.56,410.84,idle,0.9258707761764526,10176,10240,10239,xml_gt_prototype_NOT_team2_integration
104154,1,10271,10303,410.84,412.12,idle,0.6171885132789612,10208,10272,10271,xml_gt_prototype_NOT_team2_integration
104154,1,10303,10335,412.12,413.4,idle,0.6739792823791504,10240,10304,10303,xml_gt_prototype_NOT_team2_integration
104154,1,10335,10367,413.4,414.68,idle,0.5506036281585693,10272,10336,10335,xml_gt_prototype_NOT_team2_integration
104154,1,10367,10399,414.68,415.96,idle,0.5068343281745911,10304,10368,10367,xml_gt_prototype_NOT_team2_integration
104154,1,10399,10431,415.96,417.24,load_bucket,0.8305054306983948,10336,10400,10399,xml_gt_prototype_NOT_team2_integration
104154,1,10431,10463,417.24,418.52,load_bucket,0.8935264945030212,10368,10432,10431,xml_gt_prototype_NOT_team2_integration
104154,1,10463,10495,418.52,419.8,load_bucket,0.8246979117393494,10400,10464,10463,xml_gt_prototype_NOT_team2_integration
104154,1,10495,10527,419.8,421.08,load_bucket,0.8340200781822205,10432,10496,10495,xml_gt_prototype_NOT_team2_integration
104154,1,10527,10559,421.08,422.36,load_bucket,0.7773934602737427,10464,10528,10527,xml_gt_prototype_NOT_team2_integration
104154,1,10559,10591,422.36,423.64,load_bucket,0.9656344056129456,10496,10560,10559,xml_gt_prototype_NOT_team2_integration
104154,1,10591,10623,423.64,424.92,load_bucket,0.9763568639755249,10528,10592,10591,xml_gt_prototype_NOT_team2_integration
104154,1,10623,10655,424.92,426.2,load_bucket,0.9798502922058105,10560,10624,10623,xml_gt_prototype_NOT_team2_integration
104154,1,10655,10687,426.2,427.48,load_bucket,0.9775272607803345,10592,10656,10655,xml_gt_prototype_NOT_team2_integration
104154,1,10687,10719,427.48,428.76,load_bucket,0.9796193838119507,10624,10688,10687,xml_gt_prototype_NOT_team2_integration
104154,1,10719,10751,428.76,430.04,load_bucket,0.9813313484191895,10656,10720,10719,xml_gt_prototype_NOT_team2_integration
104154,1,10751,10783,430.04,431.32,load_bucket,0.9842891097068787,10688,10752,10751,xml_gt_prototype_NOT_team2_integration
104154,1,10783,10815,431.32,432.6,load_bucket,0.9846165180206299,10720,10784,10783,xml_gt_prototype_NOT_team2_integration
104154,1,10815,10847,432.6,433.88,load_bucket,0.9748547077178955,10752,10816,10815,xml_gt_prototype_NOT_team2_integration
104154,1,10847,10879,433.88,435.16,load_bucket,0.945742130279541,10784,10848,10847,xml_gt_prototype_NOT_team2_integration
104154,1,10879,10911,435.16,436.44,load_bucket,0.9174062013626099,10816,10880,10879,xml_gt_prototype_NOT_team2_integration
104154,1,10911,10943,436.44,437.72,idle,0.47208043932914734,10848,10912,10911,xml_gt_prototype_NOT_team2_integration
104154,1,10943,10975,437.72,439.0,idle,0.8404446244239807,10880,10944,10943,xml_gt_prototype_NOT_team2_integration
104154,1,10975,11007,439.0,440.28,idle,0.7441873550415039,10912,10976,10975,xml_gt_prototype_NOT_team2_integration
104154,1,11007,11039,440.28,441.56,idle,0.9226056337356567,10944,11008,11007,xml_gt_prototype_NOT_team2_integration
104154,1,11039,11071,441.56,442.84,idle,0.9288349747657776,10976,11040,11039,xml_gt_prototype_NOT_team2_integration
104154,1,11071,11103,442.84,444.12,idle,0.9303601384162903,11008,11072,11071,xml_gt_prototype_NOT_team2_integration
104154,1,11103,11135,444.12,445.4,idle,0.932628870010376,11040,11104,11103,xml_gt_prototype_NOT_team2_integration
104154,1,11135,11167,445.4,446.68,idle,0.9089698195457458,11072,11136,11135,xml_gt_prototype_NOT_team2_integration
104154,1,11167,11199,446.68,447.96,idle,0.9610791206359863,11104,11168,11167,xml_gt_prototype_NOT_team2_integration
104154,1,11199,11231,447.96,449.24,idle,0.9069550633430481,11136,11200,11199,xml_gt_prototype_NOT_team2_integration
104154,1,11231,11263,449.24,450.52,idle,0.9004566073417664,11168,11232,11231,xml_gt_prototype_NOT_team2_integration
104154,1,11263,11295,450.52,451.8,idle,0.8797687888145447,11200,11264,11263,xml_gt_prototype_NOT_team2_integration
104154,1,11295,11327,451.8,453.08,idle,0.8757707476615906,11232,11296,11295,xml_gt_prototype_NOT_team2_integration
104154,1,11327,11359,453.08,454.36,idle,0.6930596828460693,11264,11328,11327,xml_gt_prototype_NOT_team2_integration
104154,1,11359,11391,454.36,455.64,idle,0.7187102437019348,11296,11360,11359,xml_gt_prototype_NOT_team2_integration
104154,1,11391,11423,455.64,456.92,idle,0.7842344045639038,11328,11392,11391,xml_gt_prototype_NOT_team2_integration
104154,1,11423,11455,456.92,458.2,idle,0.5832387208938599,11360,11424,11423,xml_gt_prototype_NOT_team2_integration
104154,1,11455,11487,458.2,459.48,load_bucket,0.8635159730911255,11392,11456,11455,xml_gt_prototype_NOT_team2_integration
104154,1,11487,11519,459.48,460.76,load_bucket,0.8493995666503906,11424,11488,11487,xml_gt_prototype_NOT_team2_integration
104154,1,11519,11551,460.76,462.04,load_bucket,0.8596352338790894,11456,11520,11519,xml_gt_prototype_NOT_team2_integration
104154,1,11551,11583,462.04,463.32,load_bucket,0.8609841465950012,11488,11552,11551,xml_gt_prototype_NOT_team2_integration
104154,1,11583,11615,463.32,464.6,load_bucket,0.49586284160614014,11520,11584,11583,xml_gt_prototype_NOT_team2_integration
104154,1,11615,11647,464.6,465.88,idle,0.5725591778755188,11552,11616,11615,xml_gt_prototype_NOT_team2_integration
104154,1,11647,11679,465.88,467.16,load_bucket,0.478520929813385,11584,11648,11647,xml_gt_prototype_NOT_team2_integration
104154,1,11679,11711,467.16,468.44,idle,0.4689559042453766,11616,11680,11679,xml_gt_prototype_NOT_team2_integration
104154,1,11711,11743,468.44,469.72,load_bucket,0.7388099431991577,11648,11712,11711,xml_gt_prototype_NOT_team2_integration
104154,1,11743,11775,469.72,471.0,idle,0.8803138732910156,11680,11744,11743,xml_gt_prototype_NOT_team2_integration
104154,1,11775,11807,471.0,472.28,idle,0.7566583156585693,11712,11776,11775,xml_gt_prototype_NOT_team2_integration
104154,1,11807,11839,472.28,473.56,load_bucket,0.7059179544448853,11744,11808,11807,xml_gt_prototype_NOT_team2_integration
104154,1,11839,11871,473.56,474.84,load_bucket,0.805244505405426,11776,11840,11839,xml_gt_prototype_NOT_team2_integration
104154,1,11871,11903,474.84,476.12,load_bucket,0.638174831867218,11808,11872,11871,xml_gt_prototype_NOT_team2_integration
104154,1,11903,11935,476.12,477.4,load_bucket,0.7012304663658142,11840,11904,11903,xml_gt_prototype_NOT_team2_integration
104154,1,11935,11967,477.4,478.68,idle,0.5668636560440063,11872,11936,11935,xml_gt_prototype_NOT_team2_integration
104154,1,11967,11999,478.68,479.96,idle,0.8888869881629944,11904,11968,11967,xml_gt_prototype_NOT_team2_integration
104154,1,11999,12031,479.96,481.24,idle,0.777432382106781,11936,12000,11999,xml_gt_prototype_NOT_team2_integration
104154,1,12031,12063,481.24,482.52,idle,0.5057433843612671,11968,12032,12031,xml_gt_prototype_NOT_team2_integration
104154,1,12063,12095,482.52,483.8,load_bucket,0.786952793598175,12000,12064,12063,xml_gt_prototype_NOT_team2_integration
104154,1,12095,12127,483.8,485.08,idle,0.8659880757331848,12032,12096,12095,xml_gt_prototype_NOT_team2_integration
104154,1,12127,12159,485.08,486.36,idle,0.9190715551376343,12064,12128,12127,xml_gt_prototype_NOT_team2_integration
104154,1,12159,12191,486.36,487.64,idle,0.8068025708198547,12096,12160,12159,xml_gt_prototype_NOT_team2_integration
104154,1,12191,12223,487.64,488.92,load_bucket,0.5553950667381287,12128,12192,12191,xml_gt_prototype_NOT_team2_integration
104154,1,12223,12255,488.92,490.2,load_bucket,0.8104473948478699,12160,12224,12223,xml_gt_prototype_NOT_team2_integration
104154,1,12255,12287,490.2,491.48,load_bucket,0.89884352684021,12192,12256,12255,xml_gt_prototype_NOT_team2_integration
104154,1,12287,12319,491.48,492.76,load_bucket,0.8291007876396179,12224,12288,12287,xml_gt_prototype_NOT_team2_integration
104154,1,12319,12351,492.76,494.04,load_bucket,0.8354099988937378,12256,12320,12319,xml_gt_prototype_NOT_team2_integration
104154,1,12351,12383,494.04,495.32,load_bucket,0.8675099611282349,12288,12352,12351,xml_gt_prototype_NOT_team2_integration
104154,1,12383,12415,495.32,496.6,load_bucket,0.6786596179008484,12320,12384,12383,xml_gt_prototype_NOT_team2_integration
104154,1,12415,12447,496.6,497.88,idle,0.8027426600456238,12352,12416,12415,xml_gt_prototype_NOT_team2_integration
104154,1,12447,12479,497.88,499.16,idle,0.740912675857544,12384,12448,12447,xml_gt_prototype_NOT_team2_integration
104154,1,12479,12511,499.16,500.44,load_bucket,0.7817298769950867,12416,12480,12479,xml_gt_prototype_NOT_team2_integration
104154,1,12511,12543,500.44,501.72,load_bucket,0.7100561261177063,12448,12512,12511,xml_gt_prototype_NOT_team2_integration
104154,1,12543,12575,501.72,503.0,load_bucket,0.6293273568153381,12480,12544,12543,xml_gt_prototype_NOT_team2_integration
104154,1,12575,12607,503.0,504.28,idle,0.9578714370727539,12512,12576,12575,xml_gt_prototype_NOT_team2_integration
104154,1,12607,12639,504.28,505.56,idle,0.9176920056343079,12544,12608,12607,xml_gt_prototype_NOT_team2_integration
104154,1,12639,12671,505.56,506.84,load_bucket,0.6875535249710083,12576,12640,12639,xml_gt_prototype_NOT_team2_integration
104154,1,12671,12703,506.84,508.12,load_bucket,0.6875848770141602,12608,12672,12671,xml_gt_prototype_NOT_team2_integration
104154,1,12703,12735,508.12,509.4,idle,0.8734235763549805,12640,12704,12703,xml_gt_prototype_NOT_team2_integration
104154,1,12735,12767,509.4,510.68,idle,0.795915424823761,12672,12736,12735,xml_gt_prototype_NOT_team2_integration
104154,1,12767,12799,510.68,511.96,idle,0.657672643661499,12704,12768,12767,xml_gt_prototype_NOT_team2_integration
104154,1,12799,12831,511.96,513.24,load_bucket,0.7805770635604858,12736,12800,12799,xml_gt_prototype_NOT_team2_integration
104154,1,12831,12863,513.24,514.52,load_bucket,0.9408254623413086,12768,12832,12831,xml_gt_prototype_NOT_team2_integration
104154,1,12863,12895,514.52,515.8,load_bucket,0.9255125522613525,12800,12864,12863,xml_gt_prototype_NOT_team2_integration
104154,1,12895,12927,515.8,517.08,load_bucket,0.7665398120880127,12832,12896,12895,xml_gt_prototype_NOT_team2_integration
104154,1,12927,12959,517.08,518.36,load_bucket,0.6686785221099854,12864,12928,12927,xml_gt_prototype_NOT_team2_integration
104154,1,12959,12991,518.36,519.64,load_bucket,0.42004746198654175,12896,12960,12959,xml_gt_prototype_NOT_team2_integration
104154,1,12991,13023,519.64,520.92,load_bucket,0.783877968788147,12928,12992,12991,xml_gt_prototype_NOT_team2_integration
104154,1,13023,13055,520.92,522.2,load_bucket,0.6848687529563904,12960,13024,13023,xml_gt_prototype_NOT_team2_integration
104154,1,13055,13087,522.2,523.48,idle,0.5292090177536011,12992,13056,13055,xml_gt_prototype_NOT_team2_integration
104154,1,13087,13119,523.48,524.76,load_bucket,0.6933332681655884,13024,13088,13087,xml_gt_prototype_NOT_team2_integration
104154,1,13119,13151,524.76,526.04,idle,0.6428261995315552,13056,13120,13119,xml_gt_prototype_NOT_team2_integration
104154,1,13151,13183,526.04,527.32,idle,0.6356268525123596,13088,13152,13151,xml_gt_prototype_NOT_team2_integration
104154,1,13183,13215,527.32,528.6,idle,0.540033757686615,13120,13184,13183,xml_gt_prototype_NOT_team2_integration
104154,1,13215,13247,528.6,529.88,load_bucket,0.5769645571708679,13152,13216,13215,xml_gt_prototype_NOT_team2_integration
104154,1,13247,13279,529.88,531.16,load_bucket,0.5952935218811035,13184,13248,13247,xml_gt_prototype_NOT_team2_integration
104154,1,13279,13311,531.16,532.44,load_bucket,0.6225292682647705,13216,13280,13279,xml_gt_prototype_NOT_team2_integration
104154,1,13311,13343,532.44,533.72,load_bucket,0.5545639395713806,13248,13312,13311,xml_gt_prototype_NOT_team2_integration
104154,1,13343,13375,533.72,535.0,idle,0.7301234602928162,13280,13344,13343,xml_gt_prototype_NOT_team2_integration
104154,1,13375,13407,535.0,536.28,idle,0.9290066957473755,13312,13376,13375,xml_gt_prototype_NOT_team2_integration
104154,1,13407,13439,536.28,537.56,idle,0.9768443703651428,13344,13408,13407,xml_gt_prototype_NOT_team2_integration
104154,1,13439,13471,537.56,538.84,idle,0.9718208312988281,13376,13440,13439,xml_gt_prototype_NOT_team2_integration
104154,1,13471,13503,538.84,540.12,idle,0.9674457311630249,13408,13472,13471,xml_gt_prototype_NOT_team2_integration
104154,1,13503,13535,540.12,541.4,idle,0.965200662612915,13440,13504,13503,xml_gt_prototype_NOT_team2_integration
104154,1,13535,13567,541.4,542.68,idle,0.5634828209877014,13472,13536,13535,xml_gt_prototype_NOT_team2_integration
104154,1,13567,13599,542.68,543.96,idle,0.8162111639976501,13504,13568,13567,xml_gt_prototype_NOT_team2_integration
104154,1,13599,13631,543.96,545.24,idle,0.78603595495224,13536,13600,13599,xml_gt_prototype_NOT_team2_integration
104154,1,13631,13663,545.24,546.52,load_bucket,0.7283546924591064,13568,13632,13631,xml_gt_prototype_NOT_team2_integration
104154,1,13663,13695,546.52,547.8,load_bucket,0.876316249370575,13600,13664,13663,xml_gt_prototype_NOT_team2_integration
104154,1,13695,13727,547.8,549.08,load_bucket,0.9202415347099304,13632,13696,13695,xml_gt_prototype_NOT_team2_integration
104154,1,13727,13759,549.08,550.36,load_bucket,0.9309989809989929,13664,13728,13727,xml_gt_prototype_NOT_team2_integration
104154,1,13759,13791,550.36,551.64,load_bucket,0.9126372337341309,13696,13760,13759,xml_gt_prototype_NOT_team2_integration
104154,1,13791,13823,551.64,552.92,load_bucket,0.9139310717582703,13728,13792,13791,xml_gt_prototype_NOT_team2_integration
104154,1,13823,13855,552.92,554.2,load_bucket,0.9016456604003906,13760,13824,13823,xml_gt_prototype_NOT_team2_integration
104154,1,13855,13887,554.2,555.48,load_bucket,0.7134004235267639,13792,13856,13855,xml_gt_prototype_NOT_team2_integration
104154,1,13887,13919,555.48,556.76,load_bucket,0.6222854852676392,13824,13888,13887,xml_gt_prototype_NOT_team2_integration
104154,1,13919,13951,556.76,558.04,idle,0.8421430587768555,13856,13920,13919,xml_gt_prototype_NOT_team2_integration
104154,1,13951,13983,558.04,559.32,idle,0.7412018775939941,13888,13952,13951,xml_gt_prototype_NOT_team2_integration
104154,1,13983,14015,559.32,560.6,idle,0.738633930683136,13920,13984,13983,xml_gt_prototype_NOT_team2_integration
104154,1,14015,14047,560.6,561.88,idle,0.7155736684799194,13952,14016,14015,xml_gt_prototype_NOT_team2_integration
104154,1,14047,14079,561.88,563.16,swing_bucket,0.673642098903656,13984,14048,14047,xml_gt_prototype_NOT_team2_integration
104154,1,14079,14111,563.16,564.44,swing_bucket,0.523862898349762,14016,14080,14079,xml_gt_prototype_NOT_team2_integration
104154,1,14111,14143,564.44,565.72,swing_bucket,0.5512515902519226,14048,14112,14111,xml_gt_prototype_NOT_team2_integration
104154,1,14143,14175,565.72,567.0,idle,0.8466271758079529,14080,14144,14143,xml_gt_prototype_NOT_team2_integration
104154,1,14175,14207,567.0,568.28,idle,0.960761308670044,14112,14176,14175,xml_gt_prototype_NOT_team2_integration
104154,1,14207,14239,568.28,569.56,idle,0.9167515635490417,14144,14208,14207,xml_gt_prototype_NOT_team2_integration
104154,1,14239,14271,569.56,570.84,idle,0.7806822657585144,14176,14240,14239,xml_gt_prototype_NOT_team2_integration
104154,1,14271,14303,570.84,572.12,idle,0.7411406636238098,14208,14272,14271,xml_gt_prototype_NOT_team2_integration
104154,1,14303,14335,572.12,573.4,idle,0.7604158520698547,14240,14304,14303,xml_gt_prototype_NOT_team2_integration
104154,1,14335,14367,573.4,574.68,idle,0.8741530776023865,14272,14336,14335,xml_gt_prototype_NOT_team2_integration
104154,1,14367,14399,574.68,575.96,idle,0.9569390416145325,14304,14368,14367,xml_gt_prototype_NOT_team2_integration
104154,1,14399,14431,575.96,577.24,idle,0.9496927857398987,14336,14400,14399,xml_gt_prototype_NOT_team2_integration
104154,1,14431,14463,577.24,578.52,idle,0.954352855682373,14368,14432,14431,xml_gt_prototype_NOT_team2_integration
104154,1,14463,14495,578.52,579.8,idle,0.9505746364593506,14400,14464,14463,xml_gt_prototype_NOT_team2_integration
104154,1,14495,14527,579.8,581.08,idle,0.888441801071167,14432,14496,14495,xml_gt_prototype_NOT_team2_integration
104154,1,14527,14559,581.08,582.36,idle,0.8871147632598877,14464,14528,14527,xml_gt_prototype_NOT_team2_integration
104154,1,14559,14591,582.36,583.64,idle,0.940440833568573,14496,14560,14559,xml_gt_prototype_NOT_team2_integration
104154,1,14591,14623,583.64,584.92,idle,0.9576355814933777,14528,14592,14591,xml_gt_prototype_NOT_team2_integration
104154,1,14623,14655,584.92,586.2,idle,0.9570761919021606,14560,14624,14623,xml_gt_prototype_NOT_team2_integration
104154,1,14655,14687,586.2,587.48,idle,0.9237260818481445,14592,14656,14655,xml_gt_prototype_NOT_team2_integration
104154,1,14687,14719,587.48,588.76,idle,0.935889720916748,14624,14688,14687,xml_gt_prototype_NOT_team2_integration
104154,1,14719,14751,588.76,590.04,idle,0.6801964044570923,14656,14720,14719,xml_gt_prototype_NOT_team2_integration
104154,1,14751,14783,590.04,591.32,idle,0.5609925389289856,14688,14752,14751,xml_gt_prototype_NOT_team2_integration
104154,1,14783,14815,591.32,592.6,idle,0.6524540781974792,14720,14784,14783,xml_gt_prototype_NOT_team2_integration
104154,1,14815,14847,592.6,593.88,idle,0.6958245635032654,14752,14816,14815,xml_gt_prototype_NOT_team2_integration
104154,1,14847,14879,593.88,595.16,idle,0.6024046540260315,14784,14848,14847,xml_gt_prototype_NOT_team2_integration
104154,1,14879,14911,595.16,596.44,idle,0.6031582951545715,14816,14880,14879,xml_gt_prototype_NOT_team2_integration
104154,1,14911,14943,596.44,597.72,idle,0.6047077178955078,14848,14912,14911,xml_gt_prototype_NOT_team2_integration
104154,1,14943,14975,597.72,599.0,idle,0.5168226957321167,14880,14944,14943,xml_gt_prototype_NOT_team2_integration
104154,1,14975,15007,599.0,600.28,idle,0.8482808470726013,14912,14976,14975,xml_gt_prototype_NOT_team2_integration
104154,1,15007,15039,600.28,601.56,idle,0.8525789380073547,14944,15008,15007,xml_gt_prototype_NOT_team2_integration
104154,1,15039,15071,601.56,602.84,idle,0.8709704279899597,14976,15040,15039,xml_gt_prototype_NOT_team2_integration
104154,1,15071,15103,602.84,604.12,idle,0.8447486758232117,15008,15072,15071,xml_gt_prototype_NOT_team2_integration
104154,1,15103,15135,604.12,605.4,idle,0.8325997591018677,15040,15104,15103,xml_gt_prototype_NOT_team2_integration
104154,1,15135,15167,605.4,606.68,idle,0.7825036644935608,15072,15136,15135,xml_gt_prototype_NOT_team2_integration
104154,1,15167,15199,606.68,607.96,idle,0.8930540680885315,15104,15168,15167,xml_gt_prototype_NOT_team2_integration
104154,1,15199,15231,607.96,609.24,idle,0.8997414708137512,15136,15200,15199,xml_gt_prototype_NOT_team2_integration
104154,1,15231,15263,609.24,610.52,idle,0.8458914160728455,15168,15232,15231,xml_gt_prototype_NOT_team2_integration
104154,1,15263,15295,610.52,611.8,idle,0.9483249187469482,15200,15264,15263,xml_gt_prototype_NOT_team2_integration
104154,1,15295,15327,611.8,613.08,idle,0.9139695167541504,15232,15296,15295,xml_gt_prototype_NOT_team2_integration
104154,1,15327,15359,613.08,614.36,idle,0.9178386330604553,15264,15328,15327,xml_gt_prototype_NOT_team2_integration
104154,1,15359,15391,614.36,615.64,idle,0.9289342761039734,15296,15360,15359,xml_gt_prototype_NOT_team2_integration
104154,1,15391,15423,615.64,616.92,idle,0.976230263710022,15328,15392,15391,xml_gt_prototype_NOT_team2_integration
104154,1,15423,15455,616.92,618.2,idle,0.7976284623146057,15360,15424,15423,xml_gt_prototype_NOT_team2_integration
104154,1,15455,15487,618.2,619.48,idle,0.7696095705032349,15392,15456,15455,xml_gt_prototype_NOT_team2_integration
104154,1,15487,15519,619.48,620.76,idle,0.7953828573226929,15424,15488,15487,xml_gt_prototype_NOT_team2_integration
104154,1,15519,15551,620.76,622.04,idle,0.7895106077194214,15456,15520,15519,xml_gt_prototype_NOT_team2_integration
104154,1,15551,15583,622.04,623.32,idle,0.8841367363929749,15488,15552,15551,xml_gt_prototype_NOT_team2_integration
104154,1,15583,15615,623.32,624.6,idle,0.8376662135124207,15520,15584,15583,xml_gt_prototype_NOT_team2_integration
104154,1,15615,15647,624.6,625.88,idle,0.6855037808418274,15552,15616,15615,xml_gt_prototype_NOT_team2_integration
104154,1,15647,15679,625.88,627.16,idle,0.5523071885108948,15584,15648,15647,xml_gt_prototype_NOT_team2_integration
104154,1,15679,15711,627.16,628.44,idle,0.7796080708503723,15616,15680,15679,xml_gt_prototype_NOT_team2_integration
104154,1,15711,15743,628.44,629.72,idle,0.558491587638855,15648,15712,15711,xml_gt_prototype_NOT_team2_integration
104154,1,15743,15775,629.72,631.0,load_bucket,0.7982656955718994,15680,15744,15743,xml_gt_prototype_NOT_team2_integration
104154,1,15775,15807,631.0,632.28,idle,0.8095384836196899,15712,15776,15775,xml_gt_prototype_NOT_team2_integration
104154,1,15807,15839,632.28,633.56,idle,0.6112024188041687,15744,15808,15807,xml_gt_prototype_NOT_team2_integration
104154,1,15839,15871,633.56,634.84,idle,0.718975841999054,15776,15840,15839,xml_gt_prototype_NOT_team2_integration
104154,1,15871,15903,634.84,636.12,idle,0.6811116337776184,15808,15872,15871,xml_gt_prototype_NOT_team2_integration
104154,1,15903,15935,636.12,637.4,idle,0.6426156759262085,15840,15904,15903,xml_gt_prototype_NOT_team2_integration
104154,1,15935,15967,637.4,638.68,idle,0.5705617070198059,15872,15936,15935,xml_gt_prototype_NOT_team2_integration
104154,1,15967,15999,638.68,639.96,load_bucket,0.6797494888305664,15904,15968,15967,xml_gt_prototype_NOT_team2_integration
104154,1,15999,16031,639.96,641.24,load_bucket,0.6293121576309204,15936,16000,15999,xml_gt_prototype_NOT_team2_integration
104154,1,16031,16063,641.24,642.52,idle,0.823677122592926,15968,16032,16031,xml_gt_prototype_NOT_team2_integration
104154,1,16063,16095,642.52,643.8,idle,0.42757537961006165,16000,16064,16063,xml_gt_prototype_NOT_team2_integration
104154,1,16095,16127,643.8,645.08,idle,0.8072923421859741,16032,16096,16095,xml_gt_prototype_NOT_team2_integration
104154,1,16127,16159,645.08,646.36,idle,0.7543600797653198,16064,16128,16127,xml_gt_prototype_NOT_team2_integration
104154,1,16159,16191,646.36,647.64,idle,0.715778112411499,16096,16160,16159,xml_gt_prototype_NOT_team2_integration
104154,1,16191,16223,647.64,648.92,idle,0.9231638312339783,16128,16192,16191,xml_gt_prototype_NOT_team2_integration
104154,1,16223,16255,648.92,650.2,idle,0.8777227401733398,16160,16224,16223,xml_gt_prototype_NOT_team2_integration
104154,1,16255,16287,650.2,651.48,idle,0.6983733773231506,16192,16256,16255,xml_gt_prototype_NOT_team2_integration
104154,1,16287,16319,651.48,652.76,idle,0.7864148020744324,16224,16288,16287,xml_gt_prototype_NOT_team2_integration
104154,1,16319,16351,652.76,654.04,idle,0.9541704058647156,16256,16320,16319,xml_gt_prototype_NOT_team2_integration
104154,1,16351,16383,654.04,655.32,idle,0.9515111446380615,16288,16352,16351,xml_gt_prototype_NOT_team2_integration
104154,1,16383,16415,655.32,656.6,load_bucket,0.5317079424858093,16320,16384,16383,xml_gt_prototype_NOT_team2_integration
104154,1,16415,16419,656.6,656.76,idle,0.7412323951721191,16352,16416,16415,xml_gt_prototype_NOT_team2_integration
