epoch,video_id,raw_line,class_id,draws
1,140555,1,2,4
1,140555,2,1,6
1,140555,3,3,6
1,140555,4,1,6
1,140555,5,2,7
1,140555,6,1,3
1,140555,7,3,5
1,140555,8,1,6
1,140555,9,2,4
1,140555,10,1,3
1,140555,11,3,2
1,140555,12,1,8
1,140555,13,2,4
1,140555,14,1,3
1,140555,15,3,3
1,140555,16,1,1
1,140555,17,2,3
1,140555,18,1,8
1,140555,19,3,3
1,140555,20,1,6
1,140555,21,2,2
1,140555,22,1,4
1,140555,23,3,3
1,140555,24,1,2
1,140555,25,2,7
1,140555,26,1,4
1,140555,27,3,5
1,140555,28,1,3
1,140555,29,2,7
1,140555,31,3,3
1,140555,32,1,4
1,140555,33,2,8
1,140555,34,1,2
1,140555,35,3,3
1,140555,36,1,7
1,140555,37,2,3
1,140555,38,1,6
1,140555,39,3,6
1,140555,40,1,2
1,140555,41,2,2
1,140555,42,1,4
1,140555,43,2,5
1,140555,44,2,1
1,140555,45,1,6
1,140555,46,4,1
1,140555,47,1,4
1,140555,48,0,3
1,143110,1,2,2
1,143110,2,1,4
1,143110,3,3,2
1,143110,4,1,4
1,143110,5,0,6
1,143110,6,2,4
1,143110,7,1,8
1,143110,8,3,4
1,143110,9,1,1
1,143110,10,2,6
1,143110,11,1,4
1,143110,12,3,5
1,143110,13,1,4
1,143110,14,2,3
1,143110,15,1,2
1,143110,16,3,5
1,143110,17,1,9
1,143110,18,2,6
1,143110,19,1,4
1,143110,20,3,3
1,143110,21,1,4
1,143110,22,2,5
1,143110,23,1,4
1,143110,24,3,4
1,143110,25,1,6
1,143110,26,0,3
1,143110,27,2,9
1,143110,28,1,4
1,143110,29,3,6
1,143110,30,1,8
1,143110,31,2,3
1,143110,32,1,2
1,143110,33,3,2
1,143110,34,1,2
1,143110,35,2,5
1,143110,36,1,2
1,143110,37,3,4
1,143110,38,1,4
1,143110,39,2,4
1,143110,40,1,4
1,143110,41,3,2
1,143110,42,1,8
1,143110,43,2,8
1,143110,44,1,4
1,143110,45,0,5
1,144206,1,2,4
1,144206,2,1,3
1,144206,3,3,3
1,144206,4,1,6
1,144206,5,2,2
1,144206,6,1,5
1,144206,7,3,3
1,144206,8,1,4
1,144206,9,2,5
1,144206,10,1,6
1,144206,11,3,5
1,144206,12,1,7
1,144206,13,2,1
1,144206,14,1,4
1,144206,15,3,5
1,144206,16,1,5
1,144206,17,2,1
1,144206,18,1,6
1,144206,19,3,3
1,144206,20,1,5
1,144206,21,2,5
1,144206,22,1,5
1,144206,23,3,1
1,144206,24,1,5
1,144206,25,2,7
1,144206,26,1,1
1,144206,27,3,2
1,144206,28,1,5
1,144206,29,2,2
1,144206,30,1,4
1,144206,31,3,2
1,144206,32,1,5
1,144206,33,0,5
1,144206,34,1,2
1,144206,35,0,6
1,144206,36,1,5
1,144206,37,4,8
1,151341,1,0,2
1,151341,2,3,8
1,151341,3,1,7
1,151341,4,2,11
1,151341,5,1,5
1,151341,6,3,4
1,151341,7,1,2
1,151341,8,2,4
1,151341,9,1,3
1,151341,10,3,5
1,151341,11,1,2
1,151341,12,2,6
1,151341,13,1,7
1,151341,14,3,2
1,151341,15,1,3
1,151341,16,2,5
1,151341,17,1,5
1,151341,18,3,6
1,151341,19,1,6
1,151341,20,2,1
1,151341,21,1,3
1,151341,22,3,5
1,151341,23,1,1
1,151341,24,2,5
1,151341,25,1,4
1,151341,26,3,5
1,151341,27,1,4
1,151341,28,2,4
1,151341,29,1,7
1,151341,30,0,4
1,152129,1,0,1
1,152129,2,3,3
1,152129,3,1,3
1,152129,4,2,2
1,152129,5,1,5
1,152129,6,3,4
1,152129,7,1,3
1,152129,8,2,5
1,152129,9,1,4
1,152129,10,3,6
1,152129,11,1,4
1,152129,12,2,1
1,152129,13,1,2
1,152129,14,3,7
1,152129,15,1,2
1,152129,16,2,3
1,152129,17,1,4
1,152129,18,3,2
1,152129,19,1,2
1,152129,20,2,5
1,152129,21,1,3
1,152129,22,3,3
1,152129,23,1,4
1,152129,24,2,7
1,152129,25,1,6
1,152129,26,3,3
1,152129,27,1,4
1,152129,28,2,2
1,152129,29,1,3
1,152129,30,3,2
1,152129,31,1,4
1,152129,32,2,6
1,153004,1,0,3
1,153004,2,3,3
1,153004,3,1,4
1,153004,4,2,6
1,153004,5,1,8
1,153004,6,3,9
1,153004,7,1,5
1,153004,8,2,5
1,153004,9,1,5
1,153004,10,3,6
1,153004,11,1,8
1,153004,12,2,2
1,153004,13,1,5
1,153004,14,3,4
1,153004,15,1,5
1,153004,16,2,8
1,153004,17,1,3
1,153004,18,3,5
1,153004,19,1,4
1,153004,20,2,4
1,153004,21,1,5
1,153004,22,3,3
1,153004,23,1,6
1,153004,24,2,5
1,153004,25,1,4
1,153004,26,3,3
1,153004,27,1,3
1,153004,28,2,5
1,153004,29,0,5
1,153004,30,2,7
1,153004,31,1,4
1,153004,32,0,8
2,140555,1,2,2
2,140555,2,1,5
2,140555,3,3,4
2,140555,4,1,5
2,140555,5,2,6
2,140555,6,1,2
2,140555,7,3,3
2,140555,8,1,5
2,140555,9,2,4
2,140555,10,1,3
2,140555,11,3,6
2,140555,12,1,7
2,140555,13,2,2
2,140555,14,1,3
2,140555,15,3,2
2,140555,16,1,4
2,140555,17,2,3
2,140555,18,1,7
2,140555,19,3,3
2,140555,20,1,4
2,140555,21,2,3
2,140555,22,1,2
2,140555,23,3,4
2,140555,24,1,1
2,140555,25,2,1
2,140555,26,1,7
2,140555,27,3,6
2,140555,28,1,8
2,140555,29,2,1
2,140555,30,1,3
2,140555,31,3,6
2,140555,32,1,1
2,140555,33,2,5
2,140555,34,1,4
2,140555,35,3,3
2,140555,36,1,4
2,140555,37,2,6
2,140555,38,1,5
2,140555,39,3,5
2,140555,40,1,4
2,140555,41,2,4
2,140555,42,1,4
2,140555,43,2,8
2,140555,44,2,6
2,140555,45,1,5
2,140555,46,4,4
2,140555,47,1,2
2,140555,48,0,4
2,143110,1,2,2
2,143110,2,1,4
2,143110,3,3,3
2,143110,4,1,10
2,143110,5,0,2
2,143110,6,2,4
2,143110,7,1,4
2,143110,8,3,4
2,143110,9,1,10
2,143110,10,2,3
2,143110,11,1,1
2,143110,12,3,5
2,143110,13,1,6
2,143110,14,2,4
2,143110,15,1,8
2,143110,16,3,9
2,143110,17,1,6
2,143110,18,2,2
2,143110,19,1,3
2,143110,20,3,3
2,143110,21,1,5
2,143110,22,2,3
2,143110,23,1,4
2,143110,24,3,1
2,143110,25,1,6
2,143110,26,0,1
2,143110,27,2,8
2,143110,28,1,8
2,143110,29,3,10
2,143110,30,1,4
2,143110,31,2,1
2,143110,32,1,8
2,143110,33,3,6
2,143110,34,1,2
2,143110,35,2,5
2,143110,36,1,4
2,143110,37,3,3
2,143110,38,1,6
2,143110,39,2,4
2,143110,40,1,6
2,143110,41,3,4
2,143110,42,1,4
2,143110,43,2,1
2,143110,44,1,4
2,143110,45,0,3
2,144206,1,2,5
2,144206,2,1,2
2,144206,3,3,6
2,144206,4,1,2
2,144206,5,2,5
2,144206,6,1,3
2,144206,7,3,4
2,144206,8,1,5
2,144206,9,2,7
2,144206,10,1,8
2,144206,11,3,7
2,144206,12,1,5
2,144206,13,2,2
2,144206,14,1,11
2,144206,15,3,7
2,144206,16,1,1
2,144206,17,2,2
2,144206,18,1,2
2,144206,19,3,5
2,144206,20,1,1
2,144206,21,2,6
2,144206,22,1,3
2,144206,23,3,4
2,144206,24,1,5
2,144206,25,2,3
2,144206,26,1,3
2,144206,27,3,5
2,144206,28,1,5
2,144206,29,2,5
2,144206,30,1,4
2,144206,31,3,5
2,144206,32,1,5
2,144206,33,0,7
2,144206,34,1,3
2,144206,35,0,6
2,144206,36,1,8
2,144206,37,4,4
2,151341,2,3,3
2,151341,3,1,3
2,151341,4,2,3
2,151341,5,1,3
2,151341,6,3,2
2,151341,7,1,1
2,151341,8,2,6
2,151341,9,1,4
2,151341,10,3,5
2,151341,11,1,6
2,151341,12,2,2
2,151341,13,1,6
2,151341,14,3,6
2,151341,15,1,8
2,151341,16,2,4
2,151341,17,1,4
2,151341,18,3,7
2,151341,19,1,1
2,151341,20,2,7
2,151341,21,1,4
2,151341,22,3,4
2,151341,23,1,7
2,151341,24,2,6
2,151341,25,1,5
2,151341,26,3,8
2,151341,27,1,4
2,151341,28,2,4
2,151341,29,1,4
2,151341,30,0,3
2,152129,1,0,4
2,152129,2,3,2
2,152129,3,1,6
2,152129,4,2,7
2,152129,5,1,2
2,152129,6,3,4
2,152129,7,1,5
2,152129,8,2,10
2,152129,9,1,4
2,152129,10,3,6
2,152129,11,1,6
2,152129,12,2,1
2,152129,13,1,4
2,152129,14,3,9
2,152129,15,1,8
2,152129,16,2,1
2,152129,17,1,7
2,152129,18,3,2
2,152129,19,1,3
2,152129,20,2,2
2,152129,21,1,1
2,152129,22,3,5
2,152129,23,1,3
2,152129,24,2,2
2,152129,25,1,7
2,152129,26,3,1
2,152129,27,1,1
2,152129,28,2,4
2,152129,29,1,3
2,152129,30,3,9
2,152129,31,1,4
2,152129,32,2,5
2,153004,1,0,4
2,153004,2,3,6
2,153004,3,1,5
2,153004,4,2,1
2,153004,5,1,6
2,153004,6,3,6
2,153004,7,1,3
2,153004,8,2,6
2,153004,9,1,2
2,153004,10,3,3
2,153004,11,1,8
2,153004,12,2,5
2,153004,13,1,2
2,153004,14,3,6
2,153004,15,1,2
2,153004,16,2,4
2,153004,18,3,4
2,153004,19,1,3
2,153004,20,2,2
2,153004,21,1,3
2,153004,22,3,4
2,153004,23,1,4
2,153004,24,2,1
2,153004,25,1,3
2,153004,26,3,2
2,153004,27,1,3
2,153004,28,2,7
2,153004,29,0,6
2,153004,30,2,5
2,153004,31,1,3
2,153004,32,0,2
3,140555,1,2,6
3,140555,2,1,3
3,140555,3,3,2
3,140555,4,1,4
3,140555,5,2,4
3,140555,6,1,4
3,140555,7,3,5
3,140555,8,1,5
3,140555,9,2,1
3,140555,10,1,5
3,140555,11,3,8
3,140555,12,1,10
3,140555,13,2,3
3,140555,14,1,9
3,140555,15,3,5
3,140555,16,1,8
3,140555,17,2,7
3,140555,18,1,3
3,140555,19,3,3
3,140555,20,1,2
3,140555,21,2,3
3,140555,22,1,4
3,140555,23,3,1
3,140555,24,1,2
3,140555,25,2,3
3,140555,26,1,5
3,140555,27,3,5
3,140555,28,1,3
3,140555,29,2,8
3,140555,30,1,6
3,140555,31,3,1
3,140555,32,1,3
3,140555,33,2,6
3,140555,34,1,4
3,140555,35,3,3
3,140555,36,1,4
3,140555,37,2,7
3,140555,38,1,3
3,140555,39,3,3
3,140555,40,1,3
3,140555,41,2,8
3,140555,42,1,6
3,140555,43,2,2
3,140555,44,2,5
3,140555,45,1,4
3,140555,46,4,4
3,140555,47,1,6
3,140555,48,0,3
3,143110,1,2,7
3,143110,2,1,3
3,143110,3,3,2
3,143110,4,1,3
3,143110,5,0,1
3,143110,6,2,4
3,143110,7,1,2
3,143110,8,3,5
3,143110,9,1,6
3,143110,10,2,2
3,143110,11,1,6
3,143110,12,3,2
3,143110,13,1,4
3,143110,14,2,4
3,143110,15,1,5
3,143110,16,3,3
3,143110,17,1,3
3,143110,18,2,1
3,143110,19,1,5
3,143110,20,3,2
3,143110,21,1,7
3,143110,22,2,8
3,143110,23,1,4
3,143110,24,3,5
3,143110,25,1,5
3,143110,26,0,5
3,143110,27,2,4
3,143110,28,1,5
3,143110,29,3,7
3,143110,30,1,5
3,143110,31,2,8
3,143110,32,1,4
3,143110,33,3,3
3,143110,34,1,4
3,143110,35,2,6
3,143110,36,1,4
3,143110,37,3,7
3,143110,38,1,1
3,143110,39,2,8
3,143110,40,1,6
3,143110,41,3,2
3,143110,42,1,2
3,143110,43,2,5
3,143110,44,1,4
3,143110,45,0,3
3,144206,1,2,10
3,144206,2,1,6
3,144206,3,3,3
3,144206,4,1,4
3,144206,5,2,6
3,144206,7,3,5
3,144206,8,1,5
3,144206,9,2,4
3,144206,10,1,4
3,144206,11,3,6
3,144206,12,1,1
3,144206,13,2,4
3,144206,14,1,11
3,144206,15,3,3
3,144206,16,1,2
3,144206,17,2,5
3,144206,18,1,7
3,144206,19,3,5
3,144206,20,1,1
3,144206,21,2,4
3,144206,22,1,5
3,144206,23,3,4
3,144206,24,1,3
3,144206,25,2,4
3,144206,26,1,1
3,144206,27,3,6
3,144206,28,1,4
3,144206,29,2,6
3,144206,30,1,3
3,144206,31,3,4
3,144206,32,1,5
3,144206,33,0,4
3,144206,34,1,5
3,144206,35,0,2
3,144206,36,1,3
3,144206,37,4,7
3,151341,1,0,4
3,151341,2,3,3
3,151341,3,1,3
3,151341,4,2,4
3,151341,5,1,2
3,151341,6,3,9
3,151341,7,1,7
3,151341,8,2,8
3,151341,9,1,4
3,151341,10,3,4
3,151341,11,1,6
3,151341,12,2,2
3,151341,13,1,8
3,151341,14,3,2
3,151341,15,1,2
3,151341,16,2,4
3,151341,17,1,5
3,151341,18,3,3
3,151341,19,1,4
3,151341,20,2,4
3,151341,21,1,4
3,151341,22,3,3
3,151341,23,1,5
3,151341,24,2,7
3,151341,25,1,5
3,151341,26,3,8
3,151341,27,1,3
3,151341,28,2,4
3,151341,29,1,6
3,151341,30,0,6
3,152129,1,0,3
3,152129,2,3,2
3,152129,3,1,5
3,152129,4,2,3
3,152129,5,1,4
3,152129,6,3,4
3,152129,7,1,4
3,152129,8,2,2
3,152129,9,1,5
3,152129,10,3,5
3,152129,11,1,9
3,152129,12,2,7
3,152129,13,1,5
3,152129,14,3,7
3,152129,15,1,3
3,152129,16,2,5
3,152129,17,1,1
3,152129,18,3,1
3,152129,19,1,1
3,152129,20,2,5
3,152129,21,1,4
3,152129,22,3,2
3,152129,23,1,4
3,152129,24,2,5
3,152129,25,1,5
3,152129,27,1,1
3,152129,28,2,5
3,152129,29,1,3
3,152129,30,3,4
3,152129,31,1,2
3,152129,32,2,3
3,153004,1,0,4
3,153004,2,3,4
3,153004,3,1,4
3,153004,4,2,1
3,153004,5,1,4
3,153004,6,3,2
3,153004,7,1,7
3,153004,8,2,3
3,153004,9,1,7
3,153004,10,3,4
3,153004,11,1,8
3,153004,12,2,2
3,153004,13,1,5
3,153004,14,3,5
3,153004,15,1,5
3,153004,16,2,7
3,153004,17,1,4
3,153004,18,3,7
3,153004,19,1,5
3,153004,20,2,3
3,153004,21,1,4
3,153004,22,3,6
3,153004,23,1,7
3,153004,24,2,2
3,153004,25,1,2
3,153004,26,3,3
3,153004,27,1,3
3,153004,28,2,1
3,153004,29,0,4
3,153004,30,2,4
3,153004,31,1,2
3,153004,32,0,7
4,140555,1,2,3
4,140555,2,1,7
4,140555,3,3,9
4,140555,4,1,2
4,140555,5,2,3
4,140555,6,1,3
4,140555,7,3,5
4,140555,8,1,6
4,140555,9,2,5
4,140555,10,1,4
4,140555,11,3,6
4,140555,12,1,8
4,140555,13,2,5
4,140555,14,1,2
4,140555,15,3,4
4,140555,16,1,8
4,140555,17,2,4
4,140555,18,1,4
4,140555,19,3,3
4,140555,20,1,11
4,140555,21,2,1
4,140555,22,1,5
4,140555,23,3,5
4,140555,24,1,6
4,140555,25,2,2
4,140555,26,1,4
4,140555,27,3,5
4,140555,28,1,4
4,140555,29,2,5
4,140555,30,1,3
4,140555,31,3,3
4,140555,32,1,4
4,140555,33,2,2
4,140555,34,1,6
4,140555,35,3,4
4,140555,36,1,3
4,140555,37,2,3
4,140555,39,3,3
4,140555,40,1,2
4,140555,41,2,5
4,140555,42,1,3
4,140555,43,2,2
4,140555,44,2,1
4,140555,45,1,9
4,140555,46,4,5
4,140555,47,1,4
4,140555,48,0,5
4,143110,1,2,4
4,143110,2,1,1
4,143110,3,3,1
4,143110,4,1,5
4,143110,5,0,3
4,143110,6,2,2
4,143110,7,1,5
4,143110,8,3,5
4,143110,9,1,3
4,143110,10,2,4
4,143110,11,1,3
4,143110,12,3,3
4,143110,13,1,4
4,143110,14,2,2
4,143110,15,1,1
4,143110,16,3,5
4,143110,17,1,4
4,143110,18,2,5
4,143110,19,1,5
4,143110,20,3,4
4,143110,21,1,3
4,143110,22,2,1
4,143110,23,1,4
4,143110,24,3,5
4,143110,25,1,4
4,143110,26,0,5
4,143110,27,2,3
4,143110,28,1,9
4,143110,29,3,3
4,143110,30,1,5
4,143110,31,2,6
4,143110,32,1,7
4,143110,33,3,4
4,143110,34,1,6
4,143110,35,2,2
4,143110,36,1,3
4,143110,37,3,4
4,143110,38,1,4
4,143110,39,2,5
4,143110,40,1,1
4,143110,41,3,7
4,143110,42,1,4
4,143110,43,2,6
4,143110,44,1,6
4,143110,45,0,4
4,144206,1,2,4
4,144206,2,1,3
4,144206,3,3,6
4,144206,4,1,4
4,144206,5,2,2
4,144206,6,1,3
4,144206,7,3,2
4,144206,8,1,6
4,144206,9,2,6
4,144206,10,1,3
4,144206,11,3,3
4,144206,12,1,8
4,144206,13,2,5
4,144206,14,1,4
4,144206,15,3,8
4,144206,16,1,7
4,144206,17,2,5
4,144206,18,1,3
4,144206,19,3,3
4,144206,20,1,6
4,144206,21,2,3
4,144206,22,1,5
4,144206,23,3,6
4,144206,24,1,2
4,144206,25,2,3
4,144206,26,1,2
4,144206,27,3,3
4,144206,28,1,3
4,144206,29,2,3
4,144206,30,1,5
4,144206,31,3,3
4,144206,32,1,1
4,144206,33,0,4
4,144206,34,1,6
4,144206,35,0,10
4,144206,36,1,10
4,144206,37,4,5
4,151341,1,0,5
4,151341,2,3,1
4,151341,3,1,3
4,151341,4,2,1
4,151341,5,1,2
4,151341,6,3,4
4,151341,7,1,7
4,151341,8,2,6
4,151341,9,1,4
4,151341,10,3,4
4,151341,11,1,4
4,151341,12,2,4
4,151341,13,1,2
4,151341,14,3,2
4,151341,15,1,5
4,151341,16,2,8
4,151341,17,1,3
4,151341,18,3,3
4,151341,19,1,2
4,151341,20,2,1
4,151341,21,1,6
4,151341,22,3,7
4,151341,23,1,4
4,151341,24,2,5
4,151341,25,1,5
4,151341,26,3,6
4,151341,27,1,2
4,151341,28,2,3
4,151341,29,1,2
4,151341,30,0,5
4,152129,1,0,3
4,152129,2,3,5
4,152129,3,1,3
4,152129,4,2,6
4,152129,5,1,6
4,152129,6,3,3
4,152129,7,1,3
4,152129,8,2,5
4,152129,9,1,3
4,152129,10,3,1
4,152129,11,1,6
4,152129,12,2,2
4,152129,13,1,5
4,152129,14,3,2
4,152129,15,1,5
4,152129,16,2,2
4,152129,17,1,2
4,152129,18,3,7
4,152129,19,1,5
4,152129,20,2,4
4,152129,21,1,5
4,152129,22,3,3
4,152129,24,2,6
4,152129,25,1,4
4,152129,26,3,11
4,152129,27,1,3
4,152129,28,2,7
4,152129,29,1,6
4,152129,30,3,4
4,152129,31,1,4
4,152129,32,2,1
4,153004,1,0,6
4,153004,2,3,3
4,153004,3,1,1
4,153004,4,2,9
4,153004,5,1,8
4,153004,6,3,2
4,153004,7,1,4
4,153004,8,2,3
4,153004,9,1,5
4,153004,10,3,3
4,153004,11,1,6
4,153004,12,2,4
4,153004,13,1,5
4,153004,15,1,4
4,153004,16,2,5
4,153004,17,1,6
4,153004,18,3,12
4,153004,19,1,5
4,153004,20,2,3
4,153004,21,1,5
4,153004,22,3,6
4,153004,23,1,3
4,153004,24,2,6
4,153004,25,1,9
4,153004,26,3,6
4,153004,27,1,7
4,153004,28,2,6
4,153004,29,0,6
4,153004,30,2,6
4,153004,31,1,2
4,153004,32,0,5
5,140555,1,2,3
5,140555,3,3,3
5,140555,4,1,3
5,140555,5,2,5
5,140555,6,1,8
5,140555,7,3,4
5,140555,8,1,12
5,140555,9,2,3
5,140555,10,1,3
5,140555,11,3,2
5,140555,12,1,3
5,140555,13,2,3
5,140555,14,1,2
5,140555,15,3,3
5,140555,16,1,4
5,140555,17,2,3
5,140555,18,1,5
5,140555,19,3,7
5,140555,20,1,7
5,140555,21,2,8
5,140555,22,1,5
5,140555,23,3,1
5,140555,24,1,5
5,140555,25,2,2
5,140555,26,1,2
5,140555,27,3,3
5,140555,28,1,7
5,140555,29,2,5
5,140555,30,1,6
5,140555,31,3,6
5,140555,32,1,3
5,140555,33,2,3
5,140555,34,1,6
5,140555,36,1,5
5,140555,37,2,6
5,140555,38,1,4
5,140555,39,3,5
5,140555,40,1,4
5,140555,41,2,4
5,140555,42,1,5
5,140555,43,2,5
5,140555,44,2,1
5,140555,45,1,3
5,140555,46,4,7
5,140555,47,1,5
5,140555,48,0,3
5,143110,1,2,3
5,143110,2,1,4
5,143110,3,3,5
5,143110,4,1,5
5,143110,5,0,3
5,143110,6,2,3
5,143110,7,1,8
5,143110,8,3,3
5,143110,9,1,5
5,143110,10,2,4
5,143110,11,1,5
5,143110,12,3,3
5,143110,13,1,5
5,143110,14,2,1
5,143110,15,1,5
5,143110,16,3,6
5,143110,17,1,3
5,143110,18,2,2
5,143110,19,1,4
5,143110,20,3,2
5,143110,21,1,3
5,143110,22,2,5
5,143110,23,1,5
5,143110,24,3,7
5,143110,25,1,6
5,143110,26,0,10
5,143110,27,2,5
5,143110,28,1,5
5,143110,30,1,5
5,143110,31,2,4
5,143110,32,1,2
5,143110,33,3,4
5,143110,34,1,2
5,143110,35,2,1
5,143110,36,1,7
5,143110,37,3,3
5,143110,38,1,6
5,143110,39,2,3
5,143110,40,1,3
5,143110,41,3,4
5,143110,42,1,3
5,143110,43,2,4
5,143110,44,1,3
5,143110,45,0,6
5,144206,1,2,6
5,144206,2,1,6
5,144206,3,3,4
5,144206,4,1,3
5,144206,5,2,3
5,144206,6,1,5
5,144206,7,3,4
5,144206,8,1,4
5,144206,9,2,3
5,144206,10,1,5
5,144206,11,3,10
5,144206,12,1,5
5,144206,13,2,6
5,144206,14,1,5
5,144206,15,3,6
5,144206,16,1,5
5,144206,17,2,3
5,144206,18,1,1
5,144206,19,3,2
5,144206,20,1,7
5,144206,21,2,3
5,144206,22,1,5
5,144206,23,3,5
5,144206,24,1,6
5,144206,25,2,5
5,144206,26,1,5
5,144206,27,3,4
5,144206,28,1,5
5,144206,29,2,4
5,144206,30,1,1
5,144206,31,3,4
5,144206,32,1,3
5,144206,33,0,3
5,144206,34,1,3
5,144206,35,0,8
5,144206,36,1,3
5,144206,37,4,3
5,151341,1,0,6
5,151341,2,3,5
5,151341,3,1,4
5,151341,4,2,3
5,151341,5,1,3
5,151341,6,3,7
5,151341,7,1,4
5,151341,8,2,7
5,151341,9,1,6
5,151341,10,3,5
5,151341,11,1,8
5,151341,12,2,7
5,151341,13,1,5
5,151341,14,3,6
5,151341,15,1,4
5,151341,16,2,3
5,151341,17,1,6
5,151341,18,3,10
5,151341,19,1,4
5,151341,20,2,3
5,151341,21,1,4
5,151341,22,3,1
5,151341,23,1,3
5,151341,24,2,3
5,151341,25,1,3
5,151341,26,3,6
5,151341,27,1,7
5,151341,28,2,2
5,151341,29,1,4
5,151341,30,0,5
5,152129,1,0,3
5,152129,2,3,4
5,152129,3,1,2
5,152129,4,2,3
5,152129,5,1,3
5,152129,6,3,5
5,152129,7,1,4
5,152129,8,2,3
5,152129,9,1,4
5,152129,10,3,4
5,152129,11,1,7
5,152129,12,2,4
5,152129,13,1,2
5,152129,14,3,2
5,152129,15,1,9
5,152129,16,2,4
5,152129,17,1,5
5,152129,18,3,2
5,152129,19,1,2
5,152129,20,2,5
5,152129,21,1,6
5,152129,22,3,7
5,152129,23,1,4
5,152129,24,2,3
5,152129,26,3,7
5,152129,27,1,2
5,152129,28,2,2
5,152129,29,1,3
5,152129,30,3,5
5,152129,31,1,6
5,152129,32,2,4
5,153004,1,0,5
5,153004,2,3,5
5,153004,3,1,5
5,153004,4,2,6
5,153004,5,1,2
5,153004,6,3,2
5,153004,7,1,2
5,153004,8,2,2
5,153004,9,1,6
5,153004,10,3,4
5,153004,11,1,6
5,153004,12,2,1
5,153004,13,1,3
5,153004,14,3,5
5,153004,15,1,7
5,153004,16,2,5
5,153004,17,1,5
5,153004,18,3,5
5,153004,19,1,7
5,153004,20,2,3
5,153004,21,1,9
5,153004,22,3,2
5,153004,23,1,1
5,153004,24,2,5
5,153004,25,1,3
5,153004,26,3,6
5,153004,27,1,5
5,153004,28,2,7
5,153004,29,0,7
5,153004,30,2,4
5,153004,31,1,2
5,153004,32,0,3
6,140555,1,2,5
6,140555,2,1,6
6,140555,3,3,5
6,140555,4,1,3
6,140555,5,2,5
6,140555,6,1,6
6,140555,7,3,3
6,140555,8,1,7
6,140555,9,2,8
6,140555,10,1,3
6,140555,11,3,3
6,140555,12,1,3
6,140555,13,2,7
6,140555,14,1,3
6,140555,15,3,5
6,140555,16,1,5
6,140555,17,2,4
6,140555,18,1,6
6,140555,19,3,1
6,140555,20,1,6
6,140555,21,2,4
6,140555,22,1,3
6,140555,23,3,4
6,140555,24,1,3
6,140555,25,2,5
6,140555,26,1,5
6,140555,27,3,5
6,140555,28,1,9
6,140555,29,2,1
6,140555,30,1,5
6,140555,31,3,6
6,140555,32,1,6
6,140555,33,2,5
6,140555,34,1,3
6,140555,35,3,4
6,140555,36,1,7
6,140555,37,2,4
6,140555,38,1,6
6,140555,39,3,4
6,140555,40,1,6
6,140555,41,2,8
6,140555,42,1,2
6,140555,43,2,4
6,140555,44,2,3
6,140555,45,1,5
6,140555,46,4,2
6,140555,47,1,5
6,140555,48,0,3
6,143110,1,2,5
6,143110,2,1,5
6,143110,3,3,5
6,143110,4,1,5
6,143110,5,0,5
6,143110,6,2,1
6,143110,7,1,2
6,143110,8,3,3
6,143110,9,1,7
6,143110,10,2,2
6,143110,11,1,5
6,143110,12,3,1
6,143110,13,1,2
6,143110,14,2,3
6,143110,15,1,5
6,143110,16,3,5
6,143110,17,1,3
6,143110,18,2,3
6,143110,19,1,3
6,143110,20,3,2
6,143110,21,1,4
6,143110,22,2,6
6,143110,23,1,1
6,143110,24,3,5
6,143110,25,1,3
6,143110,26,0,3
6,143110,27,2,8
6,143110,28,1,6
6,143110,29,3,6
6,143110,30,1,3
6,143110,31,2,2
6,143110,32,1,2
6,143110,33,3,2
6,143110,34,1,2
6,143110,35,2,1
6,143110,36,1,5
6,143110,37,3,5
6,143110,38,1,5
6,143110,39,2,7
6,143110,40,1,2
6,143110,41,3,3
6,143110,42,1,2
6,143110,43,2,6
6,143110,44,1,2
6,143110,45,0,8
6,144206,1,2,2
6,144206,2,1,7
6,144206,3,3,4
6,144206,4,1,2
6,144206,5,2,5
6,144206,6,1,6
6,144206,7,3,3
6,144206,8,1,5
6,144206,9,2,3
6,144206,10,1,5
6,144206,11,3,6
6,144206,12,1,4
6,144206,13,2,4
6,144206,14,1,5
6,144206,15,3,5
6,144206,16,1,2
6,144206,17,2,4
6,144206,18,1,2
6,144206,19,3,1
6,144206,20,1,3
6,144206,21,2,2
6,144206,22,1,3
6,144206,23,3,5
6,144206,24,1,5
6,144206,25,2,4
6,144206,26,1,2
6,144206,27,3,9
6,144206,28,1,2
6,144206,29,2,2
6,144206,30,1,6
6,144206,31,3,3
6,144206,32,1,2
6,144206,34,1,1
6,144206,35,0,3
6,144206,36,1,7
6,144206,37,4,2
6,151341,1,0,4
6,151341,2,3,3
6,151341,3,1,2
6,151341,4,2,6
6,151341,5,1,7
6,151341,6,3,3
6,151341,8,2,4
6,151341,9,1,5
6,151341,10,3,2
6,151341,11,1,7
6,151341,12,2,4
6,151341,13,1,6
6,151341,14,3,4
6,151341,15,1,2
6,151341,16,2,5
6,151341,17,1,9
6,151341,18,3,4
6,151341,19,1,3
6,151341,20,2,2
6,151341,21,1,5
6,151341,22,3,7
6,151341,23,1,7
6,151341,24,2,6
6,151341,25,1,6
6,151341,26,3,6
6,151341,27,1,5
6,151341,28,2,5
6,151341,29,1,1
6,151341,30,0,7
6,152129,1,0,5
6,152129,2,3,8
6,152129,3,1,5
6,152129,4,2,5
6,152129,5,1,6
6,152129,6,3,8
6,152129,7,1,6
6,152129,8,2,4
6,152129,9,1,7
6,152129,10,3,5
6,152129,11,1,6
6,152129,12,2,5
6,152129,13,1,2
6,152129,14,3,7
6,152129,15,1,2
6,152129,16,2,9
6,152129,17,1,3
6,152129,18,3,4
6,152129,19,1,8
6,152129,20,2,8
6,152129,21,1,1
6,152129,22,3,6
6,152129,23,1,7
6,152129,24,2,5
6,152129,25,1,4
6,152129,26,3,3
6,152129,27,1,6
6,152129,28,2,1
6,152129,29,1,3
6,152129,30,3,5
6,152129,31,1,4
6,152129,32,2,5
6,153004,1,0,5
6,153004,2,3,6
6,153004,3,1,3
6,153004,4,2,2
6,153004,5,1,7
6,153004,6,3,3
6,153004,7,1,7
6,153004,8,2,5
6,153004,9,1,3
6,153004,10,3,4
6,153004,11,1,2
6,153004,12,2,4
6,153004,13,1,1
6,153004,14,3,5
6,153004,15,1,3
6,153004,16,2,2
6,153004,17,1,6
6,153004,18,3,3
6,153004,19,1,4
6,153004,20,2,3
6,153004,21,1,2
6,153004,22,3,4
6,153004,23,1,7
6,153004,24,2,1
6,153004,25,1,5
6,153004,26,3,5
6,153004,27,1,9
6,153004,28,2,3
6,153004,29,0,3
6,153004,30,2,9
6,153004,31,1,5
6,153004,32,0,1
7,140555,1,2,6
7,140555,2,1,2
7,140555,3,3,3
7,140555,4,1,9
7,140555,5,2,4
7,140555,6,1,4
7,140555,7,3,3
7,140555,8,1,1
7,140555,9,2,2
7,140555,10,1,2
7,140555,11,3,3
7,140555,12,1,5
7,140555,13,2,4
7,140555,14,1,3
7,140555,15,3,7
7,140555,16,1,5
7,140555,17,2,5
7,140555,18,1,5
7,140555,19,3,3
7,140555,20,1,11
7,140555,21,2,7
7,140555,22,1,5
7,140555,23,3,7
7,140555,24,1,6
7,140555,25,2,3
7,140555,26,1,6
7,140555,27,3,4
7,140555,28,1,5
7,140555,29,2,5
7,140555,30,1,3
7,140555,31,3,4
7,140555,32,1,1
7,140555,33,2,6
7,140555,34,1,2
7,140555,35,3,6
7,140555,36,1,3
7,140555,37,2,6
7,140555,38,1,7
7,140555,39,3,1
7,140555,40,1,3
7,140555,41,2,4
7,140555,42,1,4
7,140555,43,2,4
7,140555,44,2,8
7,140555,45,1,2
7,140555,46,4,2
7,140555,47,1,3
7,140555,48,0,4
7,143110,1,2,3
7,143110,2,1,4
7,143110,3,3,6
7,143110,4,1,3
7,143110,5,0,4
7,143110,6,2,1
7,143110,7,1,2
7,143110,8,3,2
7,143110,9,1,2
7,143110,10,2,4
7,143110,11,1,4
7,143110,12,3,5
7,143110,13,1,4
7,143110,14,2,1
7,143110,15,1,3
7,143110,16,3,2
7,143110,17,1,6
7,143110,18,2,6
7,143110,19,1,1
7,143110,20,3,4
7,143110,21,1,4
7,143110,22,2,1
7,143110,23,1,5
7,143110,24,3,1
7,143110,25,1,6
7,143110,26,0,5
7,143110,27,2,7
7,143110,28,1,4
7,143110,29,3,5
7,143110,30,1,6
7,143110,31,2,4
7,143110,32,1,4
7,143110,33,3,3
7,143110,34,1,6
7,143110,35,2,5
7,143110,36,1,4
7,143110,37,3,9
7,143110,38,1,4
7,143110,40,1,3
7,143110,41,3,5
7,143110,42,1,4
7,143110,43,2,3
7,143110,44,1,3
7,143110,45,0,12
7,144206,1,2,4
7,144206,2,1,5
7,144206,3,3,9
7,144206,4,1,5
7,144206,5,2,2
7,144206,6,1,8
7,144206,7,3,5
7,144206,8,1,6
7,144206,9,2,4
7,144206,10,1,4
7,144206,11,3,7
7,144206,12,1,4
7,144206,13,2,4
7,144206,14,1,4
7,144206,15,3,1
7,144206,16,1,7
7,144206,17,2,5
7,144206,18,1,4
7,144206,19,3,4
7,144206,20,1,3
7,144206,21,2,3
7,144206,22,1,4
7,144206,23,3,3
7,144206,24,1,6
7,144206,25,2,5
7,144206,26,1,6
7,144206,27,3,3
7,144206,28,1,5
7,144206,29,2,2
7,144206,30,1,2
7,144206,31,3,3
7,144206,32,1,10
7,144206,33,0,4
7,144206,34,1,10
7,144206,35,0,2
7,144206,36,1,4
7,144206,37,4,4
7,151341,1,0,2
7,151341,2,3,4
7,151341,3,1,5
7,151341,4,2,3
7,151341,5,1,7
7,151341,6,3,7
7,151341,7,1,4
7,151341,8,2,6
7,151341,9,1,2
7,151341,10,3,4
7,151341,11,1,4
7,151341,12,2,7
7,151341,13,1,5
7,151341,14,3,2
7,151341,15,1,8
7,151341,16,2,5
7,151341,17,1,5
7,151341,18,3,7
7,151341,19,1,2
7,151341,20,2,4
7,151341,21,1,5
7,151341,22,3,5
7,151341,23,1,3
7,151341,24,2,5
7,151341,25,1,5
7,151341,26,3,3
7,151341,27,1,3
7,151341,28,2,1
7,151341,29,1,3
7,151341,30,0,5
7,152129,1,0,8
7,152129,2,3,4
7,152129,3,1,8
7,152129,5,1,6
7,152129,6,3,2
7,152129,7,1,8
7,152129,8,2,9
7,152129,9,1,3
7,152129,10,3,7
7,152129,11,1,3
7,152129,12,2,7
7,152129,13,1,3
7,152129,14,3,5
7,152129,15,1,3
7,152129,16,2,3
7,152129,17,1,6
7,152129,18,3,7
7,152129,19,1,2
7,152129,20,2,5
7,152129,21,1,2
7,152129,22,3,9
7,152129,23,1,4
7,152129,24,2,4
7,152129,25,1,4
7,152129,26,3,3
7,152129,27,1,9
7,152129,28,2,2
7,152129,29,1,4
7,152129,30,3,2
7,152129,31,1,7
7,152129,32,2,7
7,153004,1,0,5
7,153004,2,3,3
7,153004,3,1,4
7,153004,4,2,4
7,153004,5,1,2
7,153004,7,1,5
7,153004,8,2,4
7,153004,9,1,1
7,153004,10,3,5
7,153004,11,1,5
7,153004,12,2,2
7,153004,13,1,3
7,153004,14,3,5
7,153004,15,1,2
7,153004,16,2,2
7,153004,17,1,5
7,153004,18,3,3
7,153004,19,1,3
7,153004,20,2,4
7,153004,21,1,4
7,153004,22,3,6
7,153004,23,1,6
7,153004,24,2,5
7,153004,25,1,3
7,153004,26,3,6
7,153004,27,1,4
7,153004,29,0,3
7,153004,30,2,3
7,153004,31,1,3
7,153004,32,0,4
8,140555,1,2,4
8,140555,2,1,5
8,140555,3,3,4
8,140555,4,1,4
8,140555,5,2,4
8,140555,6,1,7
8,140555,7,3,3
8,140555,8,1,2
8,140555,9,2,6
8,140555,10,1,5
8,140555,11,3,3
8,140555,12,1,5
8,140555,13,2,5
8,140555,14,1,5
8,140555,15,3,5
8,140555,16,1,1
8,140555,17,2,1
8,140555,18,1,9
8,140555,19,3,3
8,140555,20,1,9
8,140555,21,2,5
8,140555,22,1,3
8,140555,23,3,4
8,140555,24,1,7
8,140555,25,2,5
8,140555,26,1,8
8,140555,27,3,4
8,140555,28,1,8
8,140555,29,2,3
8,140555,30,1,7
8,140555,31,3,1
8,140555,32,1,3
8,140555,33,2,2
8,140555,34,1,9
8,140555,35,3,6
8,140555,36,1,2
8,140555,37,2,4
8,140555,38,1,3
8,140555,39,3,4
8,140555,40,1,3
8,140555,41,2,5
8,140555,42,1,3
8,140555,43,2,6
8,140555,44,2,7
8,140555,45,1,5
8,140555,46,4,5
8,140555,47,1,3
8,140555,48,0,6
8,143110,1,2,4
8,143110,2,1,4
8,143110,4,1,5
8,143110,5,0,5
8,143110,6,2,3
8,143110,7,1,2
8,143110,8,3,4
8,143110,9,1,2
8,143110,10,2,6
8,143110,11,1,6
8,143110,12,3,3
8,143110,13,1,3
8,143110,14,2,4
8,143110,15,1,7
8,143110,16,3,4
8,143110,17,1,1
8,143110,18,2,3
8,143110,19,1,5
8,143110,20,3,5
8,143110,21,1,6
8,143110,22,2,6
8,143110,23,1,5
8,143110,24,3,1
8,143110,25,1,2
8,143110,26,0,4
8,143110,27,2,7
8,143110,28,1,3
8,143110,29,3,3
8,143110,30,1,4
8,143110,31,2,2
8,143110,32,1,3
8,143110,33,3,4
8,143110,34,1,6
8,143110,35,2,7
8,143110,36,1,4
8,143110,37,3,4
8,143110,38,1,2
8,143110,39,2,3
8,143110,40,1,3
8,143110,41,3,5
8,143110,42,1,3
8,143110,43,2,5
8,143110,44,1,6
8,143110,45,0,6
8,144206,1,2,4
8,144206,2,1,5
8,144206,3,3,2
8,144206,4,1,4
8,144206,5,2,3
8,144206,6,1,5
8,144206,7,3,4
8,144206,8,1,3
8,144206,9,2,4
8,144206,10,1,3
8,144206,11,3,6
8,144206,13,2,4
8,144206,14,1,4
8,144206,16,1,8
8,144206,17,2,5
8,144206,18,1,6
8,144206,19,3,5
8,144206,20,1,5
8,144206,21,2,4
8,144206,22,1,4
8,144206,23,3,2
8,144206,24,1,6
8,144206,25,2,2
8,144206,26,1,4
8,144206,27,3,6
8,144206,28,1,8
8,144206,29,2,3
8,144206,30,1,5
8,144206,31,3,3
8,144206,32,1,3
8,144206,33,0,7
8,144206,34,1,5
8,144206,35,0,6
8,144206,36,1,2
8,144206,37,4,5
8,151341,1,0,5
8,151341,2,3,5
8,151341,3,1,5
8,151341,4,2,5
8,151341,5,1,2
8,151341,6,3,5
8,151341,7,1,4
8,151341,8,2,2
8,151341,9,1,6
8,151341,10,3,2
8,151341,11,1,5
8,151341,12,2,4
8,151341,13,1,5
8,151341,14,3,3
8,151341,15,1,1
8,151341,16,2,5
8,151341,17,1,5
8,151341,18,3,7
8,151341,19,1,6
8,151341,20,2,3
8,151341,21,1,2
8,151341,22,3,1
8,151341,23,1,1
8,151341,24,2,4
8,151341,25,1,2
8,151341,26,3,3
8,151341,27,1,6
8,151341,28,2,6
8,151341,29,1,3
8,151341,30,0,6
8,152129,1,0,4
8,152129,2,3,7
8,152129,3,1,4
8,152129,4,2,3
8,152129,5,1,4
8,152129,6,3,5
8,152129,7,1,4
8,152129,8,2,4
8,152129,9,1,5
8,152129,10,3,4
8,152129,11,1,2
8,152129,12,2,2
8,152129,13,1,6
8,152129,14,3,6
8,152129,15,1,5
8,152129,16,2,5
8,152129,17,1,1
8,152129,18,3,2
8,152129,19,1,5
8,152129,20,2,7
8,152129,21,1,5
8,152129,22,3,6
8,152129,23,1,5
8,152129,24,2,5
8,152129,25,1,4
8,152129,26,3,3
8,152129,27,1,2
8,152129,28,2,9
8,152129,29,1,7
8,152129,30,3,3
8,152129,31,1,6
8,152129,32,2,7
8,153004,1,0,7
8,153004,3,1,9
8,153004,4,2,4
8,153004,5,1,1
8,153004,6,3,2
8,153004,7,1,3
8,153004,8,2,6
8,153004,9,1,6
8,153004,10,3,7
8,153004,11,1,6
8,153004,12,2,1
8,153004,13,1,6
8,153004,14,3,5
8,153004,15,1,3
8,153004,16,2,4
8,153004,17,1,7
8,153004,18,3,2
8,153004,19,1,7
8,153004,20,2,3
8,153004,21,1,9
8,153004,22,3,5
8,153004,23,1,3
8,153004,24,2,3
8,153004,25,1,4
8,153004,26,3,5
8,153004,27,1,5
8,153004,28,2,3
8,153004,29,0,1
8,153004,30,2,5
8,153004,31,1,4
8,153004,32,0,2
9,140555,1,2,10
9,140555,2,1,2
9,140555,3,3,7
9,140555,4,1,3
9,140555,5,2,5
9,140555,6,1,2
9,140555,7,3,5
9,140555,8,1,4
9,140555,9,2,4
9,140555,10,1,6
9,140555,11,3,3
9,140555,12,1,2
9,140555,13,2,6
9,140555,14,1,2
9,140555,15,3,5
9,140555,16,1,3
9,140555,17,2,6
9,140555,18,1,4
9,140555,19,3,5
9,140555,20,1,5
9,140555,21,2,3
9,140555,22,1,3
9,140555,23,3,6
9,140555,24,1,6
9,140555,25,2,3
9,140555,26,1,5
9,140555,27,3,4
9,140555,28,1,5
9,140555,29,2,2
9,140555,30,1,4
9,140555,31,3,7
9,140555,32,1,3
9,140555,33,2,3
9,140555,34,1,1
9,140555,35,3,4
9,140555,36,1,6
9,140555,37,2,6
9,140555,38,1,1
9,140555,39,3,3
9,140555,40,1,3
9,140555,41,2,4
9,140555,42,1,10
9,140555,43,2,4
9,140555,44,2,4
9,140555,45,1,7
9,140555,46,4,4
9,140555,47,1,7
9,140555,48,0,2
9,143110,1,2,7
9,143110,2,1,5
9,143110,3,3,4
9,143110,4,1,5
9,143110,5,0,6
9,143110,6,2,5
9,143110,7,1,2
9,143110,8,3,5
9,143110,9,1,4
9,143110,10,2,6
9,143110,11,1,8
9,143110,12,3,6
9,143110,13,1,2
9,143110,14,2,6
9,143110,15,1,3
9,143110,16,3,4
9,143110,17,1,7
9,143110,18,2,6
9,143110,19,1,4
9,143110,20,3,2
9,143110,21,1,2
9,143110,23,1,1
9,143110,24,3,8
9,143110,25,1,7
9,143110,26,0,3
9,143110,27,2,3
9,143110,28,1,7
9,143110,30,1,8
9,143110,31,2,3
9,143110,33,3,3
9,143110,34,1,6
9,143110,35,2,3
9,143110,36,1,8
9,143110,37,3,5
9,143110,38,1,6
9,143110,39,2,7
9,143110,40,1,4
9,143110,41,3,7
9,143110,42,1,4
9,143110,43,2,2
9,143110,44,1,6
9,143110,45,0,10
9,144206,1,2,4
9,144206,2,1,6
9,144206,3,3,7
9,144206,4,1,7
9,144206,5,2,1
9,144206,6,1,7
9,144206,7,3,3
9,144206,8,1,3
9,144206,9,2,7
9,144206,10,1,3
9,144206,11,3,4
9,144206,12,1,2
9,144206,13,2,4
9,144206,14,1,5
9,144206,15,3,6
9,144206,16,1,6
9,144206,17,2,3
9,144206,18,1,4
9,144206,19,3,3
9,144206,20,1,3
9,144206,21,2,5
9,144206,22,1,6
9,144206,23,3,4
9,144206,24,1,4
9,144206,25,2,6
9,144206,26,1,9
9,144206,27,3,2
9,144206,28,1,5
9,144206,29,2,3
9,144206,30,1,7
9,144206,31,3,6
9,144206,32,1,5
9,144206,33,0,3
9,144206,34,1,5
9,144206,35,0,2
9,144206,36,1,4
9,144206,37,4,6
9,151341,1,0,3
9,151341,2,3,4
9,151341,3,1,8
9,151341,4,2,3
9,151341,5,1,3
9,151341,6,3,4
9,151341,7,1,3
9,151341,8,2,2
9,151341,9,1,3
9,151341,10,3,10
9,151341,11,1,6
9,151341,12,2,3
9,151341,13,1,4
9,151341,14,3,4
9,151341,15,1,2
9,151341,16,2,5
9,151341,17,1,5
9,151341,18,3,3
9,151341,19,1,4
9,151341,21,1,2
9,151341,22,3,3
9,151341,23,1,3
9,151341,24,2,4
9,151341,25,1,2
9,151341,26,3,8
9,151341,27,1,3
9,151341,28,2,2
9,151341,29,1,5
9,151341,30,0,5
9,152129,1,0,3
9,152129,2,3,7
9,152129,3,1,3
9,152129,4,2,3
9,152129,5,1,3
9,152129,6,3,4
9,152129,7,1,6
9,152129,8,2,2
9,152129,9,1,4
9,152129,10,3,4
9,152129,11,1,4
9,152129,12,2,2
9,152129,13,1,3
9,152129,14,3,2
9,152129,15,1,4
9,152129,16,2,3
9,152129,17,1,5
9,152129,18,3,4
9,152129,19,1,6
9,152129,20,2,3
9,152129,21,1,8
9,152129,22,3,3
9,152129,23,1,2
9,152129,24,2,3
9,152129,25,1,3
9,152129,26,3,6
9,152129,27,1,4
9,152129,28,2,1
9,152129,29,1,4
9,152129,30,3,4
9,152129,31,1,1
9,152129,32,2,3
9,153004,1,0,3
9,153004,2,3,5
9,153004,3,1,5
9,153004,4,2,1
9,153004,5,1,4
9,153004,6,3,9
9,153004,7,1,3
9,153004,8,2,4
9,153004,9,1,7
9,153004,10,3,2
9,153004,11,1,3
9,153004,12,2,2
9,153004,13,1,5
9,153004,14,3,5
9,153004,15,1,6
9,153004,16,2,6
9,153004,17,1,5
9,153004,18,3,4
9,153004,19,1,9
9,153004,20,2,3
9,153004,21,1,3
9,153004,22,3,6
9,153004,23,1,3
9,153004,24,2,4
9,153004,25,1,2
9,153004,26,3,6
9,153004,27,1,4
9,153004,28,2,2
9,153004,29,0,3
9,153004,30,2,3
9,153004,31,1,2
9,153004,32,0,9
10,140555,1,2,2
10,140555,2,1,4
10,140555,3,3,3
10,140555,4,1,4
10,140555,5,2,8
10,140555,6,1,3
10,140555,7,3,2
10,140555,8,1,4
10,140555,9,2,7
10,140555,10,1,1
10,140555,11,3,5
10,140555,12,1,3
10,140555,13,2,4
10,140555,14,1,4
10,140555,15,3,4
10,140555,16,1,5
10,140555,17,2,3
10,140555,18,1,5
10,140555,19,3,2
10,140555,20,1,9
10,140555,21,2,5
10,140555,22,1,4
10,140555,23,3,4
10,140555,24,1,4
10,140555,25,2,6
10,140555,26,1,4
10,140555,27,3,2
10,140555,28,1,4
10,140555,29,2,5
10,140555,30,1,3
10,140555,31,3,5
10,140555,32,1,7
10,140555,33,2,4
10,140555,34,1,5
10,140555,35,3,5
10,140555,36,1,5
10,140555,37,2,6
10,140555,38,1,6
10,140555,39,3,1
10,140555,40,1,7
10,140555,41,2,5
10,140555,42,1,4
10,140555,43,2,1
10,140555,44,2,7
10,140555,45,1,3
10,140555,46,4,2
10,140555,47,1,3
10,140555,48,0,5
10,143110,1,2,6
10,143110,2,1,7
10,143110,3,3,5
10,143110,4,1,5
10,143110,5,0,4
10,143110,6,2,6
10,143110,7,1,5
10,143110,8,3,3
10,143110,9,1,4
10,143110,10,2,3
10,143110,11,1,4
10,143110,12,3,3
10,143110,13,1,3
10,143110,14,2,5
10,143110,15,1,3
10,143110,16,3,3
10,143110,17,1,5
10,143110,18,2,4
10,143110,19,1,7
10,143110,20,3,2
10,143110,21,1,5
10,143110,22,2,5
10,143110,23,1,4
10,143110,24,3,2
10,143110,25,1,3
10,143110,26,0,4
10,143110,27,2,7
10,143110,28,1,4
10,143110,29,3,4
10,143110,30,1,7
10,143110,31,2,3
10,143110,32,1,4
10,143110,33,3,8
10,143110,34,1,5
10,143110,35,2,9
10,143110,36,1,3
10,143110,37,3,4
10,143110,38,1,5
10,143110,39,2,6
10,143110,40,1,5
10,143110,41,3,3
10,143110,42,1,3
10,143110,43,2,6
10,143110,44,1,2
10,143110,45,0,8
10,144206,1,2,3
10,144206,2,1,4
10,144206,3,3,3
10,144206,4,1,4
10,144206,5,2,5
10,144206,6,1,3
10,144206,7,3,2
10,144206,8,1,2
10,144206,9,2,5
10,144206,10,1,6
10,144206,11,3,5
10,144206,12,1,4
10,144206,13,2,3
10,144206,14,1,4
10,144206,15,3,8
10,144206,16,1,5
10,144206,17,2,6
10,144206,18,1,5
10,144206,19,3,6
10,144206,20,1,4
10,144206,21,2,8
10,144206,22,1,2
10,144206,23,3,2
10,144206,24,1,6
10,144206,25,2,4
10,144206,26,1,2
10,144206,27,3,4
10,144206,28,1,2
10,144206,29,2,2
10,144206,30,1,4
10,144206,31,3,4
10,144206,32,1,6
10,144206,33,0,3
10,144206,34,1,3
10,144206,35,0,3
10,144206,36,1,3
10,144206,37,4,3
10,151341,1,0,2
10,151341,2,3,10
10,151341,3,1,3
10,151341,4,2,5
10,151341,5,1,6
10,151341,6,3,6
10,151341,7,1,3
10,151341,8,2,3
10,151341,9,1,1
10,151341,10,3,6
10,151341,11,1,5
10,151341,12,2,5
10,151341,14,3,1
10,151341,15,1,3
10,151341,16,2,1
10,151341,17,1,3
10,151341,18,3,4
10,151341,19,1,7
10,151341,20,2,5
10,151341,21,1,1
10,151341,22,3,1
10,151341,23,1,4
10,151341,24,2,7
10,151341,25,1,2
10,151341,26,3,4
10,151341,27,1,6
10,151341,28,2,3
10,151341,29,1,4
10,151341,30,0,3
10,152129,1,0,8
10,152129,2,3,6
10,152129,3,1,3
10,152129,4,2,5
10,152129,5,1,5
10,152129,6,3,3
10,152129,7,1,11
10,152129,8,2,3
10,152129,9,1,4
10,152129,10,3,1
10,152129,11,1,3
10,152129,12,2,2
10,152129,13,1,1
10,152129,14,3,5
10,152129,15,1,2
10,152129,16,2,4
10,152129,17,1,3
10,152129,18,3,4
10,152129,19,1,2
10,152129,20,2,6
10,152129,21,1,3
10,152129,22,3,8
10,152129,23,1,5
10,152129,24,2,7
10,152129,25,1,5
10,152129,26,3,6
10,152129,27,1,3
10,152129,28,2,3
10,152129,29,1,5
10,152129,30,3,4
10,152129,31,1,7
10,152129,32,2,4
10,153004,1,0,6
10,153004,2,3,3
10,153004,3,1,2
10,153004,4,2,3
10,153004,5,1,4
10,153004,6,3,3
10,153004,7,1,7
10,153004,8,2,2
10,153004,9,1,4
10,153004,10,3,6
10,153004,11,1,9
10,153004,12,2,3
10,153004,13,1,3
10,153004,14,3,4
10,153004,15,1,8
10,153004,16,2,7
10,153004,17,1,5
10,153004,18,3,3
10,153004,19,1,4
10,153004,20,2,6
10,153004,21,1,3
10,153004,22,3,3
10,153004,23,1,7
10,153004,24,2,6
10,153004,25,1,2
10,153004,26,3,6
10,153004,27,1,6
10,153004,28,2,7
10,153004,29,0,2
10,153004,30,2,3
10,153004,31,1,5
10,153004,32,0,5
11,140555,1,2,7
11,140555,3,3,1
11,140555,4,1,5
11,140555,5,2,3
11,140555,7,3,6
11,140555,8,1,5
11,140555,9,2,5
11,140555,10,1,2
11,140555,11,3,4
11,140555,12,1,4
11,140555,13,2,4
11,140555,14,1,1
11,140555,15,3,1
11,140555,16,1,3
11,140555,17,2,6
11,140555,18,1,5
11,140555,19,3,2
11,140555,20,1,4
11,140555,21,2,5
11,140555,22,1,2
11,140555,23,3,6
11,140555,24,1,6
11,140555,25,2,4
11,140555,26,1,7
11,140555,27,3,5
11,140555,28,1,13
11,140555,29,2,1
11,140555,30,1,8
11,140555,31,3,7
11,140555,32,1,2
11,140555,33,2,4
11,140555,34,1,4
11,140555,35,3,5
11,140555,36,1,3
11,140555,37,2,1
11,140555,38,1,4
11,140555,39,3,5
11,140555,40,1,4
11,140555,41,2,1
11,140555,42,1,7
11,140555,43,2,8
11,140555,44,2,4
11,140555,45,1,4
11,140555,46,4,6
11,140555,47,1,3
11,140555,48,0,8
11,143110,1,2,3
11,143110,2,1,4
11,143110,3,3,3
11,143110,4,1,5
11,143110,5,0,4
11,143110,6,2,4
11,143110,7,1,7
11,143110,8,3,2
11,143110,9,1,4
11,143110,10,2,5
11,143110,11,1,8
11,143110,12,3,5
11,143110,13,1,4
11,143110,14,2,5
11,143110,15,1,6
11,143110,16,3,2
11,143110,17,1,1
11,143110,18,2,2
11,143110,19,1,1
11,143110,20,3,3
11,143110,21,1,4
11,143110,22,2,6
11,143110,23,1,4
11,143110,24,3,4
11,143110,25,1,7
11,143110,26,0,2
11,143110,27,2,5
11,143110,28,1,4
11,143110,29,3,4
11,143110,30,1,7
11,143110,31,2,6
11,143110,32,1,5
11,143110,33,3,6
11,143110,34,1,2
11,143110,35,2,4
11,143110,36,1,4
11,143110,37,3,5
11,143110,38,1,7
11,143110,39,2,2
11,143110,40,1,2
11,143110,41,3,7
11,143110,42,1,7
11,143110,43,2,3
11,143110,44,1,3
11,143110,45,0,4
11,144206,1,2,4
11,144206,2,1,5
11,144206,3,3,4
11,144206,4,1,4
11,144206,5,2,6
11,144206,6,1,1
11,144206,7,3,3
11,144206,8,1,3
11,144206,9,2,2
11,144206,10,1,5
11,144206,11,3,6
11,144206,12,1,2
11,144206,13,2,2
11,144206,14,1,8
11,144206,15,3,4
11,144206,16,1,3
11,144206,17,2,1
11,144206,18,1,5
11,144206,19,3,3
11,144206,20,1,5
11,144206,21,2,3
11,144206,22,1,1
11,144206,23,3,5
11,144206,24,1,1
11,144206,25,2,1
11,144206,26,1,8
11,144206,27,3,3
11,144206,28,1,5
11,144206,29,2,5
11,144206,30,1,5
11,144206,31,3,5
11,144206,32,1,2
11,144206,33,0,7
11,144206,34,1,4
11,144206,35,0,8
11,144206,36,1,4
11,144206,37,4,1
11,151341,1,0,6
11,151341,2,3,2
11,151341,3,1,5
11,151341,4,2,2
11,151341,5,1,5
11,151341,6,3,5
11,151341,7,1,3
11,151341,8,2,6
11,151341,9,1,5
11,151341,10,3,11
11,151341,11,1,5
11,151341,12,2,2
11,151341,13,1,3
11,151341,14,3,6
11,151341,15,1,6
11,151341,16,2,7
11,151341,17,1,3
11,151341,18,3,3
11,151341,19,1,6
11,151341,20,2,6
11,151341,21,1,5
11,151341,22,3,2
11,151341,23,1,3
11,151341,24,2,2
11,151341,25,1,2
11,151341,26,3,7
11,151341,27,1,6
11,151341,28,2,6
11,151341,29,1,9
11,151341,30,0,2
11,152129,1,0,7
11,152129,2,3,3
11,152129,3,1,3
11,152129,4,2,3
11,152129,5,1,10
11,152129,6,3,2
11,152129,7,1,4
11,152129,8,2,6
11,152129,9,1,10
11,152129,10,3,2
11,152129,12,2,2
11,152129,13,1,1
11,152129,14,3,3
11,152129,15,1,4
11,152129,16,2,5
11,152129,17,1,3
11,152129,18,3,3
11,152129,19,1,5
11,152129,20,2,6
11,152129,21,1,6
11,152129,22,3,2
11,152129,23,1,5
11,152129,24,2,4
11,152129,25,1,6
11,152129,26,3,4
11,152129,27,1,8
11,152129,28,2,3
11,152129,29,1,5
11,152129,30,3,3
11,152129,31,1,4
11,152129,32,2,4
11,153004,1,0,6
11,153004,2,3,8
11,153004,3,1,5
11,153004,4,2,3
11,153004,5,1,7
11,153004,6,3,3
11,153004,7,1,3
11,153004,8,2,2
11,153004,9,1,3
11,153004,10,3,1
11,153004,11,1,2
11,153004,12,2,5
11,153004,13,1,4
11,153004,14,3,4
11,153004,15,1,5
11,153004,16,2,6
11,153004,17,1,6
11,153004,18,3,3
11,153004,19,1,5
11,153004,20,2,5
11,153004,21,1,4
11,153004,22,3,2
11,153004,23,1,3
11,153004,24,2,5
11,153004,25,1,7
11,153004,26,3,10
11,153004,27,1,8
11,153004,28,2,4
11,153004,29,0,3
11,153004,30,2,3
11,153004,31,1,3
11,153004,32,0,4
12,140555,1,2,4
12,140555,2,1,5
12,140555,3,3,4
12,140555,4,1,2
12,140555,5,2,2
12,140555,6,1,2
12,140555,7,3,4
12,140555,8,1,4
12,140555,9,2,1
12,140555,10,1,2
12,140555,11,3,7
12,140555,12,1,10
12,140555,13,2,5
12,140555,14,1,6
12,140555,15,3,3
12,140555,16,1,7
12,140555,17,2,2
12,140555,18,1,2
12,140555,19,3,3
12,140555,20,1,2
12,140555,21,2,2
12,140555,22,1,5
12,140555,23,3,7
12,140555,24,1,3
12,140555,25,2,3
12,140555,26,1,6
12,140555,27,3,3
12,140555,28,1,7
12,140555,29,2,2
12,140555,30,1,2
12,140555,31,3,6
12,140555,32,1,5
12,140555,33,2,3
12,140555,34,1,8
12,140555,35,3,5
12,140555,36,1,4
12,140555,37,2,5
12,140555,38,1,6
12,140555,39,3,6
12,140555,40,1,3
12,140555,41,2,4
12,140555,42,1,5
12,140555,43,2,6
12,140555,44,2,3
12,140555,45,1,5
12,140555,46,4,4
12,140555,47,1,9
12,140555,48,0,7
12,143110,1,2,5
12,143110,2,1,3
12,143110,3,3,6
12,143110,4,1,2
12,143110,5,0,3
12,143110,6,2,5
12,143110,7,1,3
12,143110,8,3,5
12,143110,9,1,4
12,143110,10,2,2
12,143110,11,1,4
12,143110,12,3,3
12,143110,14,2,5
12,143110,15,1,3
12,143110,16,3,3
12,143110,17,1,4
12,143110,18,2,6
12,143110,19,1,2
12,143110,20,3,6
12,143110,21,1,4
12,143110,23,1,5
12,143110,24,3,5
12,143110,25,1,7
12,143110,26,0,4
12,143110,27,2,3
12,143110,28,1,3
12,143110,29,3,2
12,143110,30,1,7
12,143110,31,2,5
12,143110,32,1,6
12,143110,33,3,2
12,143110,34,1,5
12,143110,35,2,2
12,143110,36,1,9
12,143110,37,3,5
12,143110,38,1,9
12,143110,39,2,4
12,143110,40,1,6
12,143110,41,3,7
12,143110,42,1,11
12,143110,43,2,8
12,143110,44,1,5
12,143110,45,0,9
12,144206,1,2,7
12,144206,2,1,2
12,144206,3,3,8
12,144206,4,1,1
12,144206,5,2,4
12,144206,6,1,4
12,144206,7,3,7
12,144206,8,1,3
12,144206,9,2,2
12,144206,10,1,4
12,144206,11,3,5
12,144206,12,1,6
12,144206,13,2,5
12,144206,14,1,10
12,144206,15,3,4
12,144206,16,1,2
12,144206,17,2,7
12,144206,18,1,5
12,144206,19,3,5
12,144206,20,1,3
12,144206,21,2,8
12,144206,22,1,2
12,144206,23,3,5
12,144206,24,1,1
12,144206,25,2,1
12,144206,26,1,5
12,144206,27,3,4
12,144206,28,1,7
12,144206,29,2,2
12,144206,30,1,7
12,144206,31,3,2
12,144206,32,1,2
12,144206,33,0,5
12,144206,34,1,1
12,144206,35,0,5
12,144206,36,1,2
12,144206,37,4,2
12,151341,1,0,3
12,151341,2,3,4
12,151341,3,1,4
12,151341,4,2,1
12,151341,5,1,6
12,151341,6,3,2
12,151341,7,1,4
12,151341,8,2,5
12,151341,9,1,3
12,151341,10,3,4
12,151341,11,1,2
12,151341,12,2,5
12,151341,14,3,4
12,151341,15,1,3
12,151341,16,2,4
12,151341,17,1,4
12,151341,18,3,4
12,151341,19,1,4
12,151341,20,2,3
12,151341,21,1,4
12,151341,22,3,6
12,151341,23,1,4
12,151341,24,2,4
12,151341,25,1,6
12,151341,26,3,6
12,151341,27,1,4
12,151341,28,2,3
12,151341,29,1,6
12,151341,30,0,2
12,152129,1,0,6
12,152129,2,3,2
12,152129,3,1,1
12,152129,4,2,4
12,152129,5,1,5
12,152129,6,3,8
12,152129,7,1,4
12,152129,8,2,4
12,152129,9,1,3
12,152129,10,3,6
12,152129,11,1,7
12,152129,12,2,5
12,152129,13,1,1
12,152129,14,3,7
12,152129,15,1,6
12,152129,16,2,1
12,152129,17,1,4
12,152129,18,3,5
12,152129,19,1,1
12,152129,20,2,3
12,152129,21,1,4
12,152129,22,3,5
12,152129,23,1,5
12,152129,24,2,3
12,152129,25,1,4
12,152129,26,3,6
12,152129,27,1,4
12,152129,28,2,6
12,152129,29,1,2
12,152129,30,3,3
12,152129,31,1,5
12,152129,32,2,3
12,153004,1,0,4
12,153004,2,3,6
12,153004,3,1,4
12,153004,4,2,2
12,153004,5,1,9
12,153004,6,3,4
12,153004,7,1,5
12,153004,8,2,6
12,153004,9,1,2
12,153004,10,3,4
12,153004,11,1,2
12,153004,12,2,6
12,153004,13,1,4
12,153004,14,3,3
12,153004,15,1,1
12,153004,16,2,2
12,153004,17,1,5
12,153004,18,3,5
12,153004,19,1,4
12,153004,20,2,3
12,153004,21,1,5
12,153004,22,3,3
12,153004,24,2,7
12,153004,25,1,4
12,153004,26,3,5
12,153004,27,1,2
12,153004,28,2,5
12,153004,29,0,5
12,153004,30,2,10
12,153004,31,1,6
12,153004,32,0,7
13,140555,1,2,3
13,140555,2,1,4
13,140555,3,3,3
13,140555,5,2,4
13,140555,6,1,4
13,140555,7,3,8
13,140555,8,1,3
13,140555,9,2,2
13,140555,10,1,4
13,140555,11,3,3
13,140555,12,1,3
13,140555,13,2,1
13,140555,14,1,3
13,140555,15,3,5
13,140555,16,1,1
13,140555,17,2,5
13,140555,18,1,6
13,140555,19,3,5
13,140555,20,1,5
13,140555,21,2,4
13,140555,22,1,9
13,140555,23,3,5
13,140555,24,1,3
13,140555,25,2,4
13,140555,26,1,3
13,140555,27,3,3
13,140555,28,1,9
13,140555,29,2,3
13,140555,30,1,6
13,140555,31,3,2
13,140555,32,1,8
13,140555,33,2,3
13,140555,34,1,2
13,140555,35,3,3
13,140555,36,1,3
13,140555,37,2,2
13,140555,38,1,4
13,140555,39,3,1
13,140555,40,1,2
13,140555,41,2,3
13,140555,42,1,3
13,140555,43,2,6
13,140555,44,2,7
13,140555,45,1,11
13,140555,46,4,9
13,140555,47,1,5
13,140555,48,0,11
13,143110,1,2,10
13,143110,2,1,5
13,143110,3,3,5
13,143110,4,1,2
13,143110,5,0,5
13,143110,6,2,4
13,143110,7,1,1
13,143110,8,3,3
13,143110,9,1,6
13,143110,10,2,3
13,143110,11,1,4
13,143110,12,3,6
13,143110,13,1,3
13,143110,14,2,5
13,143110,15,1,5
13,143110,16,3,5
13,143110,17,1,8
13,143110,18,2,5
13,143110,19,1,7
13,143110,20,3,5
13,143110,21,1,4
13,143110,22,2,3
13,143110,23,1,7
13,143110,24,3,3
13,143110,25,1,3
13,143110,26,0,4
13,143110,27,2,7
13,143110,28,1,3
13,143110,29,3,1
13,143110,30,1,5
13,143110,31,2,3
13,143110,32,1,1
13,143110,33,3,4
13,143110,34,1,8
13,143110,35,2,5
13,143110,36,1,5
13,143110,37,3,4
13,143110,38,1,4
13,143110,39,2,10
13,143110,40,1,5
13,143110,41,3,7
13,143110,42,1,5
13,143110,43,2,3
13,143110,44,1,6
13,143110,45,0,1
13,144206,1,2,5
13,144206,2,1,3
13,144206,3,3,6
13,144206,4,1,2
13,144206,5,2,4
13,144206,6,1,3
13,144206,7,3,4
13,144206,8,1,4
13,144206,9,2,2
13,144206,10,1,3
13,144206,11,3,7
13,144206,12,1,7
13,144206,13,2,3
13,144206,14,1,4
13,144206,15,3,8
13,144206,16,1,4
13,144206,17,2,1
13,144206,18,1,7
13,144206,19,3,4
13,144206,20,1,5
13,144206,21,2,2
13,144206,22,1,3
13,144206,23,3,2
13,144206,24,1,6
13,144206,25,2,4
13,144206,26,1,5
13,144206,27,3,1
13,144206,28,1,4
13,144206,29,2,7
13,144206,30,1,4
13,144206,31,3,4
13,144206,32,1,3
13,144206,33,0,3
13,144206,34,1,9
13,144206,35,0,2
13,144206,36,1,4
13,144206,37,4,4
13,151341,1,0,4
13,151341,2,3,7
13,151341,3,1,5
13,151341,4,2,2
13,151341,5,1,3
13,151341,6,3,5
13,151341,7,1,3
13,151341,8,2,3
13,151341,9,1,2
13,151341,10,3,3
13,151341,11,1,4
13,151341,12,2,2
13,151341,13,1,5
13,151341,14,3,4
13,151341,15,1,6
13,151341,16,2,5
13,151341,17,1,3
13,151341,18,3,3
13,151341,19,1,7
13,151341,21,1,4
13,151341,22,3,4
13,151341,23,1,5
13,151341,24,2,6
13,151341,25,1,4
13,151341,26,3,2
13,151341,27,1,3
13,151341,28,2,3
13,151341,29,1,6
13,151341,30,0,4
13,152129,1,0,3
13,152129,2,3,2
13,152129,3,1,6
13,152129,4,2,4
13,152129,5,1,3
13,152129,6,3,5
13,152129,7,1,8
13,152129,8,2,2
13,152129,9,1,6
13,152129,10,3,6
13,152129,11,1,8
13,152129,12,2,3
13,152129,13,1,5
13,152129,14,3,5
13,152129,15,1,4
13,152129,16,2,2
13,152129,17,1,5
13,152129,18,3,5
13,152129,19,1,5
13,152129,20,2,4
13,152129,21,1,4
13,152129,22,3,1
13,152129,23,1,4
13,152129,24,2,7
13,152129,25,1,3
13,152129,26,3,6
13,152129,27,1,4
13,152129,29,1,2
13,152129,30,3,5
13,152129,31,1,7
13,152129,32,2,3
13,153004,1,0,5
13,153004,2,3,4
13,153004,3,1,3
13,153004,4,2,6
13,153004,5,1,3
13,153004,6,3,7
13,153004,7,1,4
13,153004,8,2,6
13,153004,9,1,3
13,153004,10,3,3
13,153004,11,1,9
13,153004,12,2,1
13,153004,13,1,3
13,153004,14,3,4
13,153004,15,1,5
13,153004,16,2,4
13,153004,17,1,8
13,153004,18,3,6
13,153004,19,1,5
13,153004,20,2,5
13,153004,21,1,4
13,153004,22,3,3
13,153004,23,1,2
13,153004,24,2,3
13,153004,25,1,5
13,153004,26,3,6
13,153004,27,1,6
13,153004,28,2,1
13,153004,29,0,3
13,153004,30,2,4
13,153004,31,1,3
13,153004,32,0,5
14,140555,1,2,4
14,140555,2,1,5
14,140555,3,3,6
14,140555,4,1,5
14,140555,5,2,6
14,140555,6,1,4
14,140555,7,3,5
14,140555,8,1,3
14,140555,9,2,3
14,140555,10,1,5
14,140555,11,3,6
14,140555,12,1,1
14,140555,13,2,1
14,140555,14,1,5
14,140555,15,3,4
14,140555,16,1,4
14,140555,17,2,3
14,140555,18,1,4
14,140555,19,3,6
14,140555,20,1,5
14,140555,21,2,4
14,140555,22,1,4
14,140555,23,3,2
14,140555,24,1,8
14,140555,25,2,5
14,140555,26,1,3
14,140555,27,3,5
14,140555,28,1,6
14,140555,29,2,4
14,140555,30,1,3
14,140555,31,3,5
14,140555,32,1,1
14,140555,33,2,9
14,140555,34,1,5
14,140555,35,3,7
14,140555,36,1,6
14,140555,37,2,4
14,140555,38,1,7
14,140555,39,3,2
14,140555,40,1,4
14,140555,41,2,2
14,140555,42,1,2
14,140555,43,2,9
14,140555,44,2,6
14,140555,45,1,3
14,140555,46,4,7
14,140555,47,1,3
14,140555,48,0,5
14,143110,1,2,4
14,143110,2,1,7
14,143110,3,3,7
14,143110,4,1,1
14,143110,5,0,4
14,143110,6,2,4
14,143110,7,1,5
14,143110,8,3,6
14,143110,9,1,5
14,143110,10,2,5
14,143110,11,1,7
14,143110,12,3,2
14,143110,13,1,5
14,143110,14,2,5
14,143110,15,1,5
14,143110,16,3,6
14,143110,17,1,7
14,143110,18,2,5
14,143110,19,1,3
14,143110,20,3,6
14,143110,21,1,6
14,143110,22,2,1
14,143110,23,1,6
14,143110,24,3,2
14,143110,25,1,5
14,143110,26,0,3
14,143110,27,2,4
14,143110,28,1,5
14,143110,29,3,3
14,143110,30,1,2
14,143110,31,2,2
14,143110,32,1,3
14,143110,33,3,3
14,143110,34,1,3
14,143110,35,2,5
14,143110,36,1,6
14,143110,37,3,4
14,143110,38,1,2
14,143110,39,2,9
14,143110,40,1,1
14,143110,41,3,6
14,143110,42,1,1
14,143110,43,2,3
14,143110,44,1,3
14,143110,45,0,7
14,144206,1,2,7
14,144206,2,1,2
14,144206,3,3,4
14,144206,4,1,6
14,144206,5,2,2
14,144206,6,1,3
14,144206,7,3,3
14,144206,8,1,2
14,144206,9,2,4
14,144206,10,1,3
14,144206,11,3,5
14,144206,12,1,4
14,144206,13,2,5
14,144206,14,1,3
14,144206,15,3,3
14,144206,16,1,1
14,144206,17,2,2
14,144206,18,1,4
14,144206,19,3,4
14,144206,20,1,5
14,144206,21,2,4
14,144206,22,1,4
14,144206,23,3,4
14,144206,24,1,1
14,144206,25,2,2
14,144206,26,1,3
14,144206,27,3,4
14,144206,28,1,2
14,144206,29,2,11
14,144206,30,1,3
14,144206,31,3,3
14,144206,32,1,5
14,144206,33,0,6
14,144206,34,1,4
14,144206,36,1,3
14,144206,37,4,5
14,151341,1,0,6
14,151341,2,3,6
14,151341,3,1,5
14,151341,4,2,1
14,151341,5,1,2
14,151341,6,3,3
14,151341,7,1,3
14,151341,8,2,1
14,151341,9,1,5
14,151341,10,3,3
14,151341,11,1,7
14,151341,12,2,6
14,151341,13,1,5
14,151341,14,3,3
14,151341,16,2,4
14,151341,17,1,6
14,151341,18,3,5
14,151341,19,1,3
14,151341,20,2,3
14,151341,21,1,3
14,151341,22,3,7
14,151341,23,1,6
14,151341,24,2,2
14,151341,25,1,5
14,151341,26,3,6
14,151341,27,1,3
14,151341,28,2,8
14,151341,29,1,4
14,151341,30,0,5
14,152129,1,0,12
14,152129,2,3,6
14,152129,3,1,3
14,152129,4,2,3
14,152129,5,1,9
14,152129,6,3,3
14,152129,7,1,5
14,152129,8,2,3
14,152129,9,1,1
14,152129,10,3,3
14,152129,11,1,1
14,152129,12,2,4
14,152129,13,1,6
14,152129,14,3,5
14,152129,15,1,6
14,152129,16,2,4
14,152129,17,1,3
14,152129,18,3,3
14,152129,19,1,4
14,152129,20,2,5
14,152129,21,1,9
14,152129,22,3,5
14,152129,23,1,3
14,152129,24,2,1
14,152129,25,1,3
14,152129,26,3,6
14,152129,27,1,2
14,152129,28,2,3
14,152129,29,1,8
14,152129,30,3,6
14,152129,31,1,3
14,152129,32,2,3
14,153004,1,0,4
14,153004,2,3,6
14,153004,3,1,4
14,153004,4,2,6
14,153004,5,1,4
14,153004,6,3,1
14,153004,7,1,4
14,153004,8,2,1
14,153004,9,1,3
14,153004,11,1,4
14,153004,12,2,4
14,153004,13,1,4
14,153004,14,3,4
14,153004,15,1,3
14,153004,16,2,2
14,153004,17,1,11
14,153004,18,3,5
14,153004,19,1,6
14,153004,20,2,3
14,153004,21,1,6
14,153004,22,3,11
14,153004,23,1,7
14,153004,24,2,6
14,153004,25,1,4
14,153004,26,3,3
14,153004,27,1,2
14,153004,28,2,10
14,153004,29,0,7
14,153004,30,2,4
14,153004,31,1,3
14,153004,32,0,5
15,140555,1,2,2
15,140555,2,1,2
15,140555,3,3,7
15,140555,4,1,4
15,140555,5,2,1
15,140555,6,1,1
15,140555,7,3,2
15,140555,8,1,4
15,140555,9,2,2
15,140555,10,1,7
15,140555,11,3,4
15,140555,12,1,2
15,140555,13,2,6
15,140555,14,1,7
15,140555,15,3,7
15,140555,16,1,8
15,140555,17,2,2
15,140555,18,1,3
15,140555,19,3,3
15,140555,20,1,4
15,140555,21,2,3
15,140555,22,1,2
15,140555,23,3,9
15,140555,24,1,5
15,140555,25,2,3
15,140555,26,1,4
15,140555,27,3,1
15,140555,28,1,3
15,140555,29,2,6
15,140555,30,1,3
15,140555,31,3,6
15,140555,32,1,2
15,140555,33,2,4
15,140555,34,1,2
15,140555,35,3,3
15,140555,36,1,6
15,140555,37,2,3
15,140555,38,1,7
15,140555,39,3,3
15,140555,40,1,4
15,140555,41,2,6
15,140555,42,1,4
15,140555,43,2,7
15,140555,44,2,6
15,140555,45,1,3
15,140555,46,4,3
15,140555,47,1,5
15,140555,48,0,7
15,143110,1,2,5
15,143110,2,1,4
15,143110,3,3,3
15,143110,4,1,1
15,143110,5,0,5
15,143110,6,2,4
15,143110,7,1,5
15,143110,9,1,4
15,143110,10,2,5
15,143110,11,1,5
15,143110,12,3,8
15,143110,13,1,3
15,143110,14,2,5
15,143110,15,1,6
15,143110,16,3,5
15,143110,17,1,5
15,143110,18,2,6
15,143110,19,1,3
15,143110,20,3,4
15,143110,21,1,2
15,143110,22,2,6
15,143110,24,3,1
15,143110,25,1,2
15,143110,26,0,6
15,143110,27,2,3
15,143110,28,1,6
15,143110,29,3,2
15,143110,30,1,6
15,143110,31,2,2
15,143110,32,1,4
15,143110,33,3,6
15,143110,34,1,3
15,143110,35,2,4
15,143110,36,1,3
15,143110,37,3,6
15,143110,38,1,9
15,143110,39,2,3
15,143110,40,1,5
15,143110,41,3,3
15,143110,42,1,4
15,143110,43,2,5
15,143110,44,1,3
15,143110,45,0,3
15,144206,1,2,3
15,144206,2,1,6
15,144206,3,3,7
15,144206,4,1,4
15,144206,5,2,4
15,144206,6,1,1
15,144206,7,3,1
15,144206,8,1,4
15,144206,9,2,3
15,144206,10,1,4
15,144206,11,3,2
15,144206,12,1,4
15,144206,13,2,4
15,144206,14,1,6
15,144206,15,3,4
15,144206,16,1,3
15,144206,17,2,6
15,144206,18,1,4
15,144206,19,3,5
15,144206,20,1,2
15,144206,21,2,5
15,144206,22,1,8
15,144206,23,3,4
15,144206,24,1,7
15,144206,25,2,4
15,144206,26,1,1
15,144206,27,3,3
15,144206,28,1,3
15,144206,29,2,8
15,144206,30,1,3
15,144206,31,3,3
15,144206,32,1,3
15,144206,33,0,3
15,144206,34,1,4
15,144206,35,0,2
15,144206,36,1,6
15,144206,37,4,6
15,151341,1,0,3
15,151341,2,3,2
15,151341,3,1,3
15,151341,4,2,6
15,151341,5,1,4
15,151341,6,3,4
15,151341,7,1,4
15,151341,8,2,3
15,151341,9,1,6
15,151341,10,3,6
15,151341,11,1,2
15,151341,12,2,5
15,151341,13,1,9
15,151341,14,3,4
15,151341,15,1,5
15,151341,17,1,9
15,151341,18,3,7
15,151341,19,1,7
15,151341,20,2,7
15,151341,21,1,4
15,151341,22,3,4
15,151341,23,1,5
15,151341,24,2,3
15,151341,25,1,8
15,151341,26,3,3
15,151341,27,1,4
15,151341,28,2,4
15,151341,29,1,5
15,151341,30,0,5
15,152129,1,0,3
15,152129,2,3,7
15,152129,3,1,7
15,152129,4,2,2
15,152129,5,1,3
15,152129,6,3,7
15,152129,7,1,6
15,152129,8,2,6
15,152129,9,1,6
15,152129,10,3,4
15,152129,11,1,3
15,152129,12,2,4
15,152129,13,1,6
15,152129,14,3,6
15,152129,15,1,3
15,152129,16,2,5
15,152129,17,1,6
15,152129,18,3,3
15,152129,19,1,3
15,152129,20,2,6
15,152129,21,1,9
15,152129,22,3,5
15,152129,23,1,4
15,152129,25,1,5
15,152129,26,3,4
15,152129,27,1,5
15,152129,28,2,6
15,152129,29,1,3
15,152129,30,3,4
15,152129,31,1,6
15,152129,32,2,4
15,153004,1,0,6
15,153004,2,3,2
15,153004,3,1,5
15,153004,4,2,5
15,153004,5,1,5
15,153004,6,3,2
15,153004,7,1,5
15,153004,8,2,7
15,153004,9,1,5
15,153004,10,3,4
15,153004,11,1,5
15,153004,12,2,3
15,153004,13,1,5
15,153004,14,3,3
15,153004,15,1,3
15,153004,16,2,4
15,153004,17,1,3
15,153004,18,3,6
15,153004,19,1,3
15,153004,20,2,5
15,153004,21,1,3
15,153004,22,3,3
15,153004,23,1,6
15,153004,24,2,7
15,153004,25,1,2
15,153004,26,3,2
15,153004,27,1,5
15,153004,28,2,7
15,153004,29,0,5
15,153004,30,2,1
15,153004,31,1,7
15,153004,32,0,3
16,140555,1,2,2
16,140555,2,1,2
16,140555,3,3,3
16,140555,4,1,4
16,140555,5,2,2
16,140555,6,1,1
16,140555,7,3,8
16,140555,8,1,6
16,140555,9,2,4
16,140555,10,1,10
16,140555,11,3,3
16,140555,12,1,6
16,140555,13,2,3
16,140555,14,1,9
16,140555,15,3,1
16,140555,16,1,3
16,140555,17,2,5
16,140555,18,1,3
16,140555,19,3,3
16,140555,20,1,4
16,140555,21,2,3
16,140555,22,1,3
16,140555,23,3,5
16,140555,24,1,4
16,140555,25,2,7
16,140555,26,1,7
16,140555,27,3,2
16,140555,28,1,7
16,140555,29,2,4
16,140555,30,1,3
16,140555,31,3,6
16,140555,32,1,3
16,140555,33,2,2
16,140555,34,1,5
16,140555,35,3,2
16,140555,36,1,5
16,140555,37,2,6
16,140555,38,1,2
16,140555,39,3,7
16,140555,40,1,3
16,140555,41,2,3
16,140555,42,1,6
16,140555,43,2,5
16,140555,44,2,2
16,140555,45,1,3
16,140555,46,4,4
16,140555,47,1,5
16,140555,48,0,5
16,143110,1,2,1
16,143110,2,1,5
16,143110,3,3,3
16,143110,4,1,6
16,143110,5,0,3
16,143110,6,2,6
16,143110,7,1,5
16,143110,8,3,4
16,143110,9,1,1
16,143110,10,2,4
16,143110,11,1,5
16,143110,12,3,5
16,143110,13,1,3
16,143110,14,2,5
16,143110,15,1,4
16,143110,16,3,4
16,143110,17,1,3
16,143110,18,2,8
16,143110,19,1,3
16,143110,20,3,7
16,143110,21,1,4
16,143110,22,2,8
16,143110,23,1,7
16,143110,24,3,2
16,143110,25,1,6
16,143110,26,0,3
16,143110,27,2,5
16,143110,28,1,5
16,143110,29,3,5
16,143110,30,1,3
16,143110,31,2,6
16,143110,32,1,11
16,143110,34,1,4
16,143110,35,2,7
16,143110,36,1,9
16,143110,37,3,4
16,143110,38,1,6
16,143110,39,2,2
16,143110,40,1,7
16,143110,41,3,3
16,143110,42,1,5
16,143110,43,2,3
16,143110,44,1,5
16,143110,45,0,5
16,144206,1,2,4
16,144206,2,1,2
16,144206,3,3,3
16,144206,4,1,7
16,144206,5,2,2
16,144206,6,1,5
16,144206,7,3,6
16,144206,8,1,6
16,144206,9,2,6
16,144206,10,1,3
16,144206,11,3,3
16,144206,12,1,5
16,144206,13,2,7
16,144206,14,1,2
16,144206,15,3,4
16,144206,16,1,6
16,144206,17,2,4
16,144206,18,1,4
16,144206,19,3,2
16,144206,21,2,3
16,144206,22,1,5
16,144206,23,3,6
16,144206,24,1,3
16,144206,25,2,4
16,144206,26,1,7
16,144206,27,3,3
16,144206,28,1,5
16,144206,29,2,4
16,144206,30,1,4
16,144206,31,3,6
16,144206,32,1,4
16,144206,33,0,3
16,144206,34,1,4
16,144206,35,0,2
16,144206,36,1,2
16,144206,37,4,2
16,151341,1,0,4
16,151341,2,3,5
16,151341,3,1,5
16,151341,4,2,6
16,151341,5,1,6
16,151341,6,3,2
16,151341,7,1,5
16,151341,8,2,2
16,151341,9,1,5
16,151341,10,3,7
16,151341,11,1,4
16,151341,12,2,2
16,151341,13,1,4
16,151341,14,3,2
16,151341,15,1,5
16,151341,16,2,3
16,151341,18,3,5
16,151341,19,1,7
16,151341,20,2,4
16,151341,21,1,3
16,151341,22,3,1
16,151341,23,1,5
16,151341,24,2,3
16,151341,25,1,5
16,151341,26,3,3
16,151341,27,1,4
16,151341,28,2,4
16,151341,29,1,2
16,151341,30,0,3
16,152129,1,0,3
16,152129,2,3,7
16,152129,3,1,2
16,152129,4,2,6
16,152129,5,1,7
16,152129,6,3,3
16,152129,7,1,7
16,152129,8,2,3
16,152129,9,1,1
16,152129,10,3,1
16,152129,11,1,5
16,152129,12,2,5
16,152129,13,1,4
16,152129,14,3,5
16,152129,15,1,7
16,152129,16,2,2
16,152129,17,1,5
16,152129,18,3,3
16,152129,19,1,6
16,152129,20,2,4
16,152129,21,1,5
16,152129,22,3,3
16,152129,23,1,6
16,152129,24,2,6
16,152129,25,1,7
16,152129,26,3,4
16,152129,27,1,3
16,152129,28,2,3
16,152129,30,3,5
16,152129,31,1,4
16,152129,32,2,7
16,153004,1,0,7
16,153004,2,3,6
16,153004,3,1,5
16,153004,4,2,2
16,153004,5,1,5
16,153004,6,3,4
16,153004,7,1,5
16,153004,8,2,6
16,153004,9,1,6
16,153004,10,3,2
16,153004,11,1,7
16,153004,12,2,1
16,153004,13,1,3
16,153004,14,3,6
16,153004,15,1,6
16,153004,17,1,3
16,153004,18,3,6
16,153004,19,1,2
16,153004,20,2,8
16,153004,21,1,2
16,153004,22,3,7
16,153004,23,1,4
16,153004,24,2,5
16,153004,25,1,2
16,153004,26,3,7
16,153004,27,1,4
16,153004,28,2,3
16,153004,29,0,2
16,153004,30,2,3
16,153004,31,1,7
16,153004,32,0,10
17,140555,1,2,9
17,140555,2,1,3
17,140555,3,3,7
17,140555,4,1,4
17,140555,5,2,10
17,140555,6,1,3
17,140555,7,3,4
17,140555,8,1,3
17,140555,9,2,4
17,140555,10,1,4
17,140555,11,3,6
17,140555,12,1,4
17,140555,13,2,4
17,140555,14,1,8
17,140555,15,3,1
17,140555,16,1,1
17,140555,17,2,6
17,140555,18,1,8
17,140555,19,3,4
17,140555,20,1,5
17,140555,21,2,2
17,140555,22,1,4
17,140555,23,3,5
17,140555,24,1,5
17,140555,25,2,2
17,140555,26,1,7
17,140555,27,3,4
17,140555,28,1,6
17,140555,29,2,4
17,140555,30,1,3
17,140555,31,3,5
17,140555,32,1,5
17,140555,33,2,5
17,140555,34,1,3
17,140555,35,3,9
17,140555,36,1,5
17,140555,37,2,4
17,140555,38,1,2
17,140555,39,3,2
17,140555,40,1,3
17,140555,41,2,1
17,140555,42,1,8
17,140555,43,2,4
17,140555,44,2,8
17,140555,46,4,8
17,140555,47,1,5
17,140555,48,0,7
17,143110,1,2,2
17,143110,2,1,7
17,143110,3,3,2
17,143110,4,1,1
17,143110,5,0,6
17,143110,6,2,3
17,143110,7,1,2
17,143110,8,3,5
17,143110,9,1,6
17,143110,10,2,4
17,143110,11,1,6
17,143110,12,3,3
17,143110,13,1,4
17,143110,14,2,3
17,143110,15,1,3
17,143110,16,3,3
17,143110,17,1,5
17,143110,18,2,4
17,143110,19,1,5
17,143110,20,3,2
17,143110,21,1,3
17,143110,22,2,3
17,143110,23,1,1
17,143110,24,3,6
17,143110,25,1,4
17,143110,26,0,3
17,143110,27,2,2
17,143110,28,1,4
17,143110,29,3,6
17,143110,30,1,5
17,143110,31,2,5
17,143110,32,1,8
17,143110,33,3,5
17,143110,34,1,3
17,143110,35,2,4
17,143110,36,1,3
17,143110,37,3,3
17,143110,38,1,4
17,143110,39,2,5
17,143110,40,1,6
17,143110,41,3,5
17,143110,42,1,4
17,143110,43,2,9
17,143110,44,1,4
17,143110,45,0,3
17,144206,1,2,2
17,144206,2,1,3
17,144206,3,3,7
17,144206,4,1,4
17,144206,5,2,1
17,144206,6,1,3
17,144206,7,3,1
17,144206,8,1,2
17,144206,9,2,6
17,144206,10,1,4
17,144206,11,3,4
17,144206,12,1,4
17,144206,13,2,6
17,144206,14,1,3
17,144206,15,3,5
17,144206,16,1,2
17,144206,17,2,7
17,144206,18,1,8
17,144206,19,3,5
17,144206,20,1,2
17,144206,21,2,5
17,144206,22,1,6
17,144206,23,3,4
17,144206,24,1,6
17,144206,25,2,4
17,144206,26,1,7
17,144206,27,3,1
17,144206,28,1,3
17,144206,29,2,6
17,144206,30,1,5
17,144206,31,3,2
17,144206,32,1,2
17,144206,33,0,2
17,144206,34,1,1
17,144206,35,0,2
17,144206,36,1,5
17,144206,37,4,7
17,151341,1,0,5
17,151341,2,3,6
17,151341,3,1,6
17,151341,4,2,3
17,151341,5,1,1
17,151341,6,3,5
17,151341,7,1,5
17,151341,8,2,3
17,151341,9,1,5
17,151341,10,3,5
17,151341,11,1,4
17,151341,12,2,5
17,151341,13,1,5
17,151341,14,3,2
17,151341,15,1,4
17,151341,16,2,6
17,151341,17,1,6
17,151341,18,3,5
17,151341,19,1,8
17,151341,20,2,2
17,151341,21,1,5
17,151341,22,3,4
17,151341,23,1,3
17,151341,24,2,6
17,151341,25,1,8
17,151341,26,3,1
17,151341,27,1,11
17,151341,28,2,7
17,151341,29,1,7
17,151341,30,0,2
17,152129,1,0,4
17,152129,2,3,5
17,152129,3,1,3
17,152129,4,2,3
17,152129,5,1,2
17,152129,6,3,2
17,152129,7,1,1
17,152129,8,2,5
17,152129,9,1,1
17,152129,10,3,6
17,152129,11,1,9
17,152129,12,2,3
17,152129,13,1,6
17,152129,14,3,3
17,152129,15,1,2
17,152129,16,2,7
17,152129,17,1,2
17,152129,18,3,1
17,152129,19,1,1
17,152129,20,2,4
17,152129,21,1,5
17,152129,22,3,3
17,152129,23,1,5
17,152129,24,2,7
17,152129,26,3,3
17,152129,27,1,2
17,152129,28,2,4
17,152129,29,1,5
17,152129,30,3,4
17,152129,31,1,4
17,152129,32,2,4
17,153004,1,0,9
17,153004,2,3,4
17,153004,3,1,5
17,153004,4,2,4
17,153004,5,1,2
17,153004,6,3,6
17,153004,7,1,3
17,153004,8,2,3
17,153004,9,1,2
17,153004,10,3,3
17,153004,11,1,4
17,153004,12,2,5
17,153004,13,1,7
17,153004,14,3,4
17,153004,15,1,5
17,153004,16,2,4
17,153004,17,1,4
17,153004,18,3,6
17,153004,19,1,8
17,153004,20,2,6
17,153004,21,1,2
17,153004,22,3,2
17,153004,23,1,3
17,153004,24,2,5
17,153004,25,1,7
17,153004,26,3,7
17,153004,27,1,2
17,153004,28,2,7
17,153004,29,0,2
17,153004,30,2,4
17,153004,31,1,6
17,153004,32,0,3
18,140555,1,2,2
18,140555,2,1,5
18,140555,3,3,4
18,140555,4,1,4
18,140555,5,2,1
18,140555,6,1,3
18,140555,7,3,6
18,140555,8,1,5
18,140555,9,2,5
18,140555,10,1,5
18,140555,11,3,3
18,140555,12,1,12
18,140555,13,2,3
18,140555,14,1,6
18,140555,15,3,2
18,140555,16,1,2
18,140555,17,2,8
18,140555,18,1,3
18,140555,19,3,7
18,140555,20,1,4
18,140555,21,2,3
18,140555,22,1,1
18,140555,23,3,2
18,140555,24,1,5
18,140555,25,2,6
18,140555,26,1,1
18,140555,27,3,6
18,140555,28,1,1
18,140555,29,2,4
18,140555,30,1,5
18,140555,31,3,1
18,140555,32,1,6
18,140555,34,1,4
18,140555,35,3,3
18,140555,36,1,4
18,140555,37,2,4
18,140555,38,1,6
18,140555,39,3,3
18,140555,40,1,5
18,140555,41,2,4
18,140555,42,1,8
18,140555,43,2,7
18,140555,44,2,4
18,140555,45,1,9
18,140555,46,4,2
18,140555,47,1,2
18,140555,48,0,1
18,143110,1,2,2
18,143110,2,1,5
18,143110,3,3,6
18,143110,4,1,2
18,143110,5,0,2
18,143110,6,2,7
18,143110,7,1,3
18,143110,8,3,4
18,143110,9,1,6
18,143110,10,2,7
18,143110,11,1,2
18,143110,12,3,6
18,143110,13,1,1
18,143110,14,2,4
18,143110,15,1,2
18,143110,16,3,7
18,143110,17,1,1
18,143110,18,2,6
18,143110,19,1,7
18,143110,20,3,3
18,143110,21,1,5
18,143110,22,2,3
18,143110,23,1,4
18,143110,24,3,3
18,143110,25,1,3
18,143110,26,0,6
18,143110,27,2,10
18,143110,28,1,8
18,143110,29,3,4
18,143110,30,1,1
18,143110,31,2,5
18,143110,32,1,3
18,143110,33,3,7
18,143110,34,1,2
18,143110,35,2,4
18,143110,36,1,5
18,143110,37,3,7
18,143110,38,1,3
18,143110,39,2,5
18,143110,40,1,4
18,143110,41,3,5
18,143110,42,1,4
18,143110,43,2,8
18,143110,44,1,5
18,143110,45,0,1
18,144206,1,2,3
18,144206,2,1,3
18,144206,3,3,8
18,144206,4,1,6
18,144206,5,2,6
18,144206,6,1,4
18,144206,7,3,5
18,144206,8,1,3
18,144206,9,2,3
18,144206,10,1,4
18,144206,11,3,2
18,144206,12,1,1
18,144206,13,2,3
18,144206,14,1,2
18,144206,15,3,7
18,144206,16,1,5
18,144206,17,2,8
18,144206,18,1,4
18,144206,19,3,6
18,144206,20,1,5
18,144206,21,2,2
18,144206,22,1,2
18,144206,23,3,6
18,144206,24,1,9
18,144206,25,2,7
18,144206,26,1,4
18,144206,27,3,2
18,144206,28,1,2
18,144206,29,2,1
18,144206,30,1,5
18,144206,31,3,6
18,144206,32,1,1
18,144206,33,0,2
18,144206,34,1,1
18,144206,35,0,5
18,144206,36,1,4
18,144206,37,4,4
18,151341,1,0,4
18,151341,2,3,7
18,151341,3,1,4
18,151341,4,2,6
18,151341,5,1,4
18,151341,6,3,5
18,151341,7,1,4
18,151341,9,1,2
18,151341,10,3,7
18,151341,11,1,2
18,151341,12,2,9
18,151341,13,1,7
18,151341,14,3,1
18,151341,15,1,3
18,151341,16,2,1
18,151341,17,1,8
18,151341,18,3,4
18,151341,19,1,7
18,151341,20,2,5
18,151341,21,1,4
18,151341,22,3,5
18,151341,23,1,6
18,151341,24,2,5
18,151341,25,1,5
18,151341,26,3,3
18,151341,27,1,4
18,151341,28,2,3
18,151341,29,1,3
18,151341,30,0,4
18,152129,1,0,5
18,152129,2,3,3
18,152129,3,1,4
18,152129,4,2,4
18,152129,5,1,2
18,152129,6,3,9
18,152129,7,1,8
18,152129,8,2,3
18,152129,9,1,2
18,152129,10,3,3
18,152129,11,1,7
18,152129,12,2,6
18,152129,13,1,4
18,152129,14,3,4
18,152129,15,1,5
18,152129,16,2,4
18,152129,17,1,5
18,152129,18,3,5
18,152129,19,1,1
18,152129,20,2,6
18,152129,21,1,3
18,152129,22,3,5
18,152129,23,1,7
18,152129,24,2,5
18,152129,25,1,4
18,152129,26,3,5
18,152129,27,1,2
18,152129,28,2,2
18,152129,29,1,5
18,152129,30,3,4
18,152129,31,1,4
18,152129,32,2,5
18,153004,1,0,1
18,153004,2,3,4
18,153004,3,1,7
18,153004,4,2,4
18,153004,5,1,8
18,153004,6,3,3
18,153004,7,1,4
18,153004,8,2,7
18,153004,9,1,5
18,153004,10,3,3
18,153004,11,1,4
18,153004,12,2,6
18,153004,13,1,3
18,153004,14,3,2
18,153004,15,1,3
18,153004,16,2,5
18,153004,17,1,9
18,153004,18,3,3
18,153004,19,1,3
18,153004,20,2,6
18,153004,21,1,5
18,153004,22,3,3
18,153004,23,1,4
18,153004,24,2,4
18,153004,25,1,4
18,153004,26,3,8
18,153004,27,1,5
18,153004,28,2,4
18,153004,29,0,5
18,153004,30,2,2
18,153004,31,1,2
18,153004,32,0,5
19,140555,1,2,6
19,140555,2,1,3
19,140555,3,3,5
19,140555,4,1,4
19,140555,5,2,8
19,140555,6,1,9
19,140555,7,3,1
19,140555,8,1,6
19,140555,9,2,6
19,140555,10,1,8
19,140555,11,3,3
19,140555,12,1,4
19,140555,13,2,6
19,140555,14,1,6
19,140555,15,3,4
19,140555,16,1,6
19,140555,17,2,5
19,140555,18,1,3
19,140555,19,3,2
19,140555,20,1,5
19,140555,21,2,4
19,140555,22,1,6
19,140555,23,3,4
19,140555,24,1,4
19,140555,25,2,5
19,140555,26,1,4
19,140555,27,3,5
19,140555,28,1,3
19,140555,29,2,2
19,140555,30,1,4
19,140555,31,3,4
19,140555,32,1,2
19,140555,33,2,1
19,140555,34,1,5
19,140555,35,3,4
19,140555,36,1,7
19,140555,37,2,2
19,140555,38,1,8
19,140555,39,3,3
19,140555,40,1,4
19,140555,41,2,2
19,140555,42,1,8
19,140555,43,2,5
19,140555,44,2,2
19,140555,45,1,8
19,140555,46,4,3
19,140555,47,1,4
19,140555,48,0,7
19,143110,1,2,4
19,143110,2,1,5
19,143110,3,3,10
19,143110,4,1,3
19,143110,5,0,5
19,143110,6,2,4
19,143110,7,1,1
19,143110,8,3,9
19,143110,9,1,2
19,143110,10,2,2
19,143110,11,1,1
19,143110,12,3,5
19,143110,13,1,1
19,143110,14,2,9
19,143110,15,1,4
19,143110,16,3,5
19,143110,17,1,2
19,143110,18,2,8
19,143110,19,1,1
19,143110,20,3,4
19,143110,21,1,3
19,143110,22,2,7
19,143110,23,1,4
19,143110,24,3,2
19,143110,25,1,5
19,143110,26,0,5
19,143110,27,2,6
19,143110,28,1,3
19,143110,29,3,3
19,143110,30,1,5
19,143110,31,2,2
19,143110,32,1,6
19,143110,33,3,5
19,143110,34,1,3
19,143110,35,2,8
19,143110,36,1,4
19,143110,37,3,5
19,143110,38,1,2
19,143110,39,2,3
19,143110,40,1,5
19,143110,41,3,4
19,143110,42,1,6
19,143110,43,2,3
19,143110,44,1,4
19,143110,45,0,8
19,144206,1,2,6
19,144206,2,1,4
19,144206,3,3,8
19,144206,4,1,4
19,144206,5,2,4
19,144206,6,1,3
19,144206,7,3,3
19,144206,8,1,7
19,144206,9,2,4
19,144206,10,1,3
19,144206,11,3,8
19,144206,12,1,9
19,144206,13,2,4
19,144206,14,1,7
19,144206,15,3,6
19,144206,16,1,2
19,144206,17,2,2
19,144206,18,1,3
19,144206,19,3,4
19,144206,20,1,4
19,144206,21,2,3
19,144206,22,1,4
19,144206,23,3,8
19,144206,24,1,4
19,144206,25,2,2
19,144206,26,1,4
19,144206,27,3,3
19,144206,28,1,4
19,144206,29,2,2
19,144206,30,1,1
19,144206,31,3,3
19,144206,32,1,4
19,144206,33,0,8
19,144206,34,1,4
19,144206,35,0,8
19,144206,36,1,4
19,144206,37,4,1
19,151341,1,0,4
19,151341,2,3,7
19,151341,3,1,1
19,151341,4,2,3
19,151341,5,1,1
19,151341,6,3,4
19,151341,7,1,5
19,151341,9,1,3
19,151341,10,3,4
19,151341,11,1,4
19,151341,12,2,2
19,151341,13,1,7
19,151341,14,3,3
19,151341,15,1,6
19,151341,16,2,7
19,151341,17,1,2
19,151341,18,3,3
19,151341,19,1,3
19,151341,20,2,2
19,151341,21,1,3
19,151341,22,3,3
19,151341,23,1,4
19,151341,25,1,7
19,151341,26,3,5
19,151341,27,1,1
19,151341,28,2,5
19,151341,29,1,6
19,151341,30,0,1
19,152129,1,0,4
19,152129,2,3,3
19,152129,3,1,2
19,152129,4,2,7
19,152129,5,1,3
19,152129,6,3,9
19,152129,7,1,4
19,152129,8,2,5
19,152129,9,1,7
19,152129,10,3,3
19,152129,11,1,2
19,152129,12,2,1
19,152129,13,1,4
19,152129,14,3,4
19,152129,15,1,8
19,152129,16,2,1
19,152129,17,1,3
19,152129,18,3,5
19,152129,19,1,5
19,152129,20,2,4
19,152129,21,1,3
19,152129,22,3,7
19,152129,23,1,5
19,152129,24,2,4
19,152129,25,1,6
19,152129,26,3,2
19,152129,27,1,3
19,152129,28,2,3
19,152129,29,1,5
19,152129,30,3,2
19,152129,31,1,6
19,152129,32,2,8
19,153004,1,0,3
19,153004,2,3,2
19,153004,4,2,7
19,153004,5,1,7
19,153004,6,3,6
19,153004,7,1,4
19,153004,8,2,3
19,153004,9,1,6
19,153004,10,3,4
19,153004,11,1,3
19,153004,12,2,4
19,153004,13,1,1
19,153004,14,3,4
19,153004,15,1,4
19,153004,16,2,4
19,153004,17,1,4
19,153004,18,3,10
19,153004,19,1,5
19,153004,20,2,4
19,153004,21,1,3
19,153004,22,3,2
19,153004,23,1,7
19,153004,24,2,1
19,153004,25,1,8
19,153004,26,3,6
19,153004,27,1,8
19,153004,28,2,3
19,153004,29,0,5
19,153004,30,2,3
19,153004,31,1,3
19,153004,32,0,4
20,140555,1,2,4
20,140555,2,1,12
20,140555,3,3,4
20,140555,4,1,6
20,140555,5,2,3
20,140555,6,1,1
20,140555,7,3,8
20,140555,8,1,3
20,140555,9,2,5
20,140555,10,1,5
20,140555,11,3,3
20,140555,12,1,4
20,140555,13,2,3
20,140555,14,1,5
20,140555,15,3,4
20,140555,16,1,2
20,140555,17,2,3
20,140555,18,1,5
20,140555,19,3,5
20,140555,20,1,2
20,140555,21,2,6
20,140555,22,1,8
20,140555,23,3,3
20,140555,25,2,8
20,140555,26,1,2
20,140555,27,3,3
20,140555,28,1,7
20,140555,29,2,3
20,140555,30,1,4
20,140555,31,3,4
20,140555,32,1,2
20,140555,33,2,7
20,140555,34,1,6
20,140555,35,3,3
20,140555,36,1,3
20,140555,37,2,4
20,140555,38,1,7
20,140555,39,3,6
20,140555,40,1,2
20,140555,41,2,9
20,140555,42,1,4
20,140555,43,2,6
20,140555,44,2,6
20,140555,45,1,3
20,140555,46,4,5
20,140555,47,1,5
20,140555,48,0,5
20,143110,1,2,5
20,143110,2,1,4
20,143110,3,3,6
20,143110,4,1,2
20,143110,5,0,6
20,143110,6,2,5
20,143110,7,1,6
20,143110,8,3,4
20,143110,9,1,6
20,143110,10,2,6
20,143110,11,1,4
20,143110,12,3,7
20,143110,13,1,4
20,143110,14,2,4
20,143110,15,1,3
20,143110,16,3,2
20,143110,17,1,4
20,143110,18,2,5
20,143110,19,1,4
20,143110,20,3,4
20,143110,21,1,5
20,143110,22,2,6
20,143110,23,1,3
20,143110,24,3,3
20,143110,25,1,5
20,143110,26,0,9
20,143110,27,2,4
20,143110,28,1,8
20,143110,29,3,4
20,143110,30,1,3
20,143110,31,2,3
20,143110,32,1,4
20,143110,33,3,5
20,143110,34,1,5
20,143110,35,2,3
20,143110,36,1,3
20,143110,37,3,8
20,143110,39,2,3
20,143110,40,1,8
20,143110,41,3,5
20,143110,42,1,10
20,143110,43,2,5
20,143110,44,1,5
20,143110,45,0,1
20,144206,1,2,3
20,144206,3,3,2
20,144206,4,1,6
20,144206,5,2,4
20,144206,6,1,5
20,144206,7,3,6
20,144206,8,1,2
20,144206,9,2,3
20,144206,10,1,2
20,144206,11,3,5
20,144206,12,1,6
20,144206,13,2,4
20,144206,14,1,4
20,144206,15,3,1
20,144206,16,1,2
20,144206,17,2,6
20,144206,18,1,1
20,144206,19,3,6
20,144206,20,1,7
20,144206,21,2,4
20,144206,22,1,3
20,144206,23,3,6
20,144206,24,1,7
20,144206,25,2,4
20,144206,26,1,9
20,144206,27,3,10
20,144206,28,1,7
20,144206,29,2,1
20,144206,30,1,5
20,144206,31,3,4
20,144206,32,1,3
20,144206,33,0,3
20,144206,34,1,7
20,144206,35,0,3
20,144206,36,1,4
20,144206,37,4,3
20,151341,1,0,7
20,151341,2,3,3
20,151341,3,1,3
20,151341,4,2,6
20,151341,5,1,5
20,151341,6,3,2
20,151341,7,1,6
20,151341,8,2,3
20,151341,9,1,2
20,151341,10,3,3
20,151341,11,1,2
20,151341,12,2,1
20,151341,13,1,1
20,151341,14,3,4
20,151341,15,1,7
20,151341,16,2,2
20,151341,17,1,1
20,151341,18,3,3
20,151341,19,1,2
20,151341,20,2,3
20,151341,21,1,1
20,151341,22,3,6
20,151341,24,2,4
20,151341,25,1,3
20,151341,26,3,5
20,151341,27,1,3
20,151341,28,2,9
20,151341,29,1,4
20,151341,30,0,2
20,152129,1,0,6
20,152129,2,3,2
20,152129,3,1,6
20,152129,4,2,4
20,152129,5,1,4
20,152129,6,3,3
20,152129,7,1,3
20,152129,8,2,3
20,152129,9,1,5
20,152129,10,3,8
20,152129,11,1,3
20,152129,12,2,1
20,152129,13,1,4
20,152129,14,3,3
20,152129,15,1,2
20,152129,16,2,2
20,152129,17,1,6
20,152129,18,3,4
20,152129,19,1,3
20,152129,20,2,7
20,152129,21,1,7
20,152129,22,3,5
20,152129,23,1,2
20,152129,24,2,4
20,152129,25,1,4
20,152129,26,3,7
20,152129,27,1,3
20,152129,28,2,1
20,152129,29,1,6
20,152129,30,3,2
20,152129,31,1,4
20,152129,32,2,4
20,153004,1,0,6
20,153004,2,3,2
20,153004,3,1,5
20,153004,4,2,6
20,153004,5,1,4
20,153004,6,3,6
20,153004,7,1,1
20,153004,8,2,2
20,153004,9,1,2
20,153004,10,3,10
20,153004,11,1,2
20,153004,12,2,2
20,153004,13,1,4
20,153004,14,3,4
20,153004,15,1,9
20,153004,16,2,2
20,153004,17,1,5
20,153004,18,3,4
20,153004,19,1,4
20,153004,20,2,4
20,153004,21,1,8
20,153004,22,3,6
20,153004,23,1,2
20,153004,24,2,3
20,153004,25,1,4
20,153004,26,3,8
20,153004,27,1,4
20,153004,28,2,1
20,153004,29,0,8
20,153004,30,2,7
20,153004,31,1,3
20,153004,32,0,6
